project,commit,coveredClass,coveredClassPath,isSusFlaky,sm_dates,sm_randoms,sm_io,sm_collections,sm_threads,sm_networks,sm_lines,sm_doi,sm_cc
alluxio,c292bf85eddfe2d9ee608f14bfc2c980701dd494,alluxio.thrift$PersistCommandOptions,alluxio/core/common/src/main/java/alluxio/thrift/PersistCommandOptions.java,0,0,0,0,2,0,0,413,0,31
alluxio,c292bf85eddfe2d9ee608f14bfc2c980701dd494,alluxio.wire$AlluxioWorkerInfo,alluxio/core/common/src/main/java/alluxio/wire/AlluxioWorkerInfo.java,0,0,0,0,0,0,0,200,0,2
alluxio,c292bf85eddfe2d9ee608f14bfc2c980701dd494,alluxio.security.authorization$ModeParser,alluxio/core/common/src/main/java/alluxio/security/authorization/ModeParser.java,0,0,0,0,0,0,0,103,0,7
alluxio,c292bf85eddfe2d9ee608f14bfc2c980701dd494,alluxio.security.authentication$PlainSaslTransportProvider,alluxio/core/common/src/main/java/alluxio/security/authentication/PlainSaslTransportProvider.java,0,0,0,0,1,0,0,81,0,3
alluxio,c292bf85eddfe2d9ee608f14bfc2c980701dd494,alluxio.security.group.provider$ShellBasedUnixGroupsMapping,alluxio/core/common/src/main/java/alluxio/security/group/provider/ShellBasedUnixGroupsMapping.java,0,0,0,0,0,0,0,19,0,0
alluxio,c292bf85eddfe2d9ee608f14bfc2c980701dd494,alluxio.util$UnderFileSystemUtils,alluxio/core/common/src/main/java/alluxio/util/UnderFileSystemUtils.java,0,0,0,0,0,0,0,136,0,4
alluxio,c292bf85eddfe2d9ee608f14bfc2c980701dd494,alluxio.collections$PrefixList,alluxio/core/common/src/main/java/alluxio/collections/PrefixList.java,0,0,0,0,0,0,0,89,0,8
alluxio,c292bf85eddfe2d9ee608f14bfc2c980701dd494,alluxio.heartbeat$SleepingTimer,alluxio/core/common/src/main/java/alluxio/heartbeat/SleepingTimer.java,0,0,0,0,0,0,0,54,0,2
alluxio,c292bf85eddfe2d9ee608f14bfc2c980701dd494,alluxio.util$WaitForOptions,alluxio/core/common/src/main/java/alluxio/util/WaitForOptions.java,0,0,0,0,0,0,0,75,0,2
alluxio,c292bf85eddfe2d9ee608f14bfc2c980701dd494,alluxio.util$SecurityUtils,alluxio/core/common/src/main/java/alluxio/util/SecurityUtils.java,0,0,0,0,0,0,0,86,0,2
alluxio,c292bf85eddfe2d9ee608f14bfc2c980701dd494,alluxio.retry$ExponentialBackoffRetry,alluxio/core/common/src/main/java/alluxio/retry/ExponentialBackoffRetry.java,0,0,0,0,0,0,0,41,1,2
alluxio,c292bf85eddfe2d9ee608f14bfc2c980701dd494,alluxio.exception.status$FailedPreconditionException,alluxio/core/common/src/main/java/alluxio/exception/status/FailedPreconditionException.java,0,0,0,0,0,0,0,25,3,0
alluxio,c292bf85eddfe2d9ee608f14bfc2c980701dd494,alluxio.wire$BlockLocation,alluxio/core/common/src/main/java/alluxio/wire/BlockLocation.java,0,0,0,0,0,0,0,103,0,2
alluxio,c292bf85eddfe2d9ee608f14bfc2c980701dd494,alluxio.thrift$BlockLocation,alluxio/core/common/src/main/java/alluxio/thrift/BlockLocation.java,0,0,0,0,1,0,0,569,0,55
alluxio,c292bf85eddfe2d9ee608f14bfc2c980701dd494,alluxio.proxy$AlluxioProxyProcess,alluxio/core/server/proxy/src/main/java/alluxio/proxy/AlluxioProxyProcess.java,1,0,0,0,0,0,0,67,0,1
alluxio,c292bf85eddfe2d9ee608f14bfc2c980701dd494,alluxio.underfs.options$OpenOptions,alluxio/core/common/src/main/java/alluxio/underfs/options/OpenOptions.java,0,0,0,0,0,0,0,79,0,2
alluxio,c292bf85eddfe2d9ee608f14bfc2c980701dd494,alluxio.underfs$ObjectUnderFileSystem,alluxio/core/common/src/main/java/alluxio/underfs/ObjectUnderFileSystem.java,0,0,0,0,0,0,0,633,1,46
alluxio,c292bf85eddfe2d9ee608f14bfc2c980701dd494,alluxio.resource$DynamicResourcePool,alluxio/core/common/src/main/java/alluxio/resource/DynamicResourcePool.java,0,0,0,0,1,0,0,468,0,16
alluxio,c292bf85eddfe2d9ee608f14bfc2c980701dd494,alluxio$AbstractMasterClient,alluxio/core/common/src/main/java/alluxio/AbstractMasterClient.java,0,0,0,0,0,0,0,50,1,3
alluxio,c292bf85eddfe2d9ee608f14bfc2c980701dd494,alluxio.master.block$BlockId,alluxio/core/common/src/main/java/alluxio/master/block/BlockId.java,0,0,0,0,0,0,0,44,0,0
alluxio,c292bf85eddfe2d9ee608f14bfc2c980701dd494,alluxio.wire$MasterInfo,alluxio/core/common/src/main/java/alluxio/wire/MasterInfo.java,0,0,0,0,0,0,0,86,0,2
alluxio,c292bf85eddfe2d9ee608f14bfc2c980701dd494,alluxio.wire$StartupConsistencyCheck,alluxio/core/common/src/main/java/alluxio/wire/StartupConsistencyCheck.java,0,0,0,0,0,0,0,65,0,2
alluxio,c292bf85eddfe2d9ee608f14bfc2c980701dd494,alluxio.thrift$ListStatusTOptions,alluxio/core/common/src/main/java/alluxio/thrift/ListStatusTOptions.java,0,0,0,0,1,0,0,473,0,42
alluxio,c292bf85eddfe2d9ee608f14bfc2c980701dd494,alluxio.thrift$FreeTOptions,alluxio/core/common/src/main/java/alluxio/thrift/FreeTOptions.java,0,0,0,0,1,0,0,454,0,38
alluxio,c292bf85eddfe2d9ee608f14bfc2c980701dd494,alluxio.security.group.provider$IdentityUserGroupsMapping,alluxio/core/common/src/main/java/alluxio/security/group/provider/IdentityUserGroupsMapping.java,0,0,0,0,0,0,0,17,0,0
alluxio,c292bf85eddfe2d9ee608f14bfc2c980701dd494,alluxio.thrift$AlluxioService,alluxio/core/common/src/main/java/alluxio/thrift/AlluxioService.java,0,0,0,0,6,0,0,825,0,33
alluxio,c292bf85eddfe2d9ee608f14bfc2c980701dd494,alluxio.job$Job,alluxio/core/common/src/main/java/alluxio/job/Job.java,0,0,0,0,0,0,0,25,0,0
alluxio,c292bf85eddfe2d9ee608f14bfc2c980701dd494,alluxio.thrift$BlockWorkerClientService,alluxio/core/common/src/main/java/alluxio/thrift/BlockWorkerClientService.java,0,0,0,0,25,0,0,10744,0,729
alluxio,c292bf85eddfe2d9ee608f14bfc2c980701dd494,alluxio.wire$FileInfo,alluxio/core/common/src/main/java/alluxio/wire/FileInfo.java,0,0,0,0,0,0,0,522,0,5
alluxio,c292bf85eddfe2d9ee608f14bfc2c980701dd494,alluxio.util.network$NettyUtils,alluxio/core/common/src/main/java/alluxio/util/network/NettyUtils.java,0,0,0,0,0,0,0,128,0,3
alluxio,c292bf85eddfe2d9ee608f14bfc2c980701dd494,alluxio$PropertyKey,alluxio/core/common/src/main/java/alluxio/PropertyKey.java,0,0,0,0,0,0,0,1233,0,8
alluxio,c292bf85eddfe2d9ee608f14bfc2c980701dd494,alluxio.underfs.options$MkdirsOptions,alluxio/core/common/src/main/java/alluxio/underfs/options/MkdirsOptions.java,0,0,0,0,0,0,0,121,0,2
alluxio,c292bf85eddfe2d9ee608f14bfc2c980701dd494,alluxio$AbstractThriftClient,alluxio/core/common/src/main/java/alluxio/AbstractThriftClient.java,0,0,0,0,0,0,0,78,0,1
alluxio,c292bf85eddfe2d9ee608f14bfc2c980701dd494,alluxio.exception.status$PermissionDeniedException,alluxio/core/common/src/main/java/alluxio/exception/status/PermissionDeniedException.java,0,0,0,0,0,0,0,25,3,0
alluxio,c292bf85eddfe2d9ee608f14bfc2c980701dd494,alluxio.thrift$PersistFile,alluxio/core/common/src/main/java/alluxio/thrift/PersistFile.java,0,0,0,0,2,0,0,511,0,43
alluxio,c292bf85eddfe2d9ee608f14bfc2c980701dd494,alluxio.wire$AlluxioMasterInfo,alluxio/core/common/src/main/java/alluxio/wire/AlluxioMasterInfo.java,0,0,0,0,0,0,0,278,0,2
alluxio,c292bf85eddfe2d9ee608f14bfc2c980701dd494,alluxio.network.protocol.databuffer$DataByteBuffer,alluxio/core/common/src/main/java/alluxio/network/protocol/databuffer/DataByteBuffer.java,0,0,0,0,0,0,0,47,0,1
alluxio,c292bf85eddfe2d9ee608f14bfc2c980701dd494,alluxio.wire$TtlAction,alluxio/core/common/src/main/java/alluxio/wire/TtlAction.java,0,0,0,0,0,0,0,51,1,2
alluxio,c292bf85eddfe2d9ee608f14bfc2c980701dd494,alluxio.time$ThreadSleeper,alluxio/core/common/src/main/java/alluxio/time/ThreadSleeper.java,0,0,0,0,0,1,0,11,0,0
alluxio,c292bf85eddfe2d9ee608f14bfc2c980701dd494,alluxio.thrift$LockBlockTOptions,alluxio/core/common/src/main/java/alluxio/thrift/LockBlockTOptions.java,0,0,0,0,1,0,0,759,0,77
alluxio,c292bf85eddfe2d9ee608f14bfc2c980701dd494,alluxio.collections$IndexDefinition,alluxio/core/common/src/main/java/alluxio/collections/IndexDefinition.java,0,0,0,0,0,0,0,30,0,0
alluxio,c292bf85eddfe2d9ee608f14bfc2c980701dd494,alluxio.proxy$StreamsRestServiceHandler,alluxio/core/server/proxy/src/main/java/alluxio/proxy/StreamsRestServiceHandler.java,0,0,0,2,0,0,0,88,0,3
alluxio,c292bf85eddfe2d9ee608f14bfc2c980701dd494,alluxio.exception$InvalidWorkerStateException,alluxio/core/common/src/main/java/alluxio/exception/InvalidWorkerStateException.java,0,0,0,0,0,0,0,43,3,0
alluxio,c292bf85eddfe2d9ee608f14bfc2c980701dd494,alluxio$Configuration,alluxio/core/common/src/main/java/alluxio/Configuration.java,0,0,0,0,2,0,0,487,0,25
alluxio,c292bf85eddfe2d9ee608f14bfc2c980701dd494,alluxio.thrift$CompleteFileTOptions,alluxio/core/common/src/main/java/alluxio/thrift/CompleteFileTOptions.java,0,0,0,0,1,0,0,354,0,23
alluxio,c292bf85eddfe2d9ee608f14bfc2c980701dd494,alluxio.metrics$MetricsConfig,alluxio/core/common/src/main/java/alluxio/metrics/MetricsConfig.java,0,0,0,0,0,0,0,97,0,6
alluxio,c292bf85eddfe2d9ee608f14bfc2c980701dd494,alluxio.thrift$DeleteTOptions,alluxio/core/common/src/main/java/alluxio/thrift/DeleteTOptions.java,0,0,0,0,1,0,0,454,0,38
alluxio,c292bf85eddfe2d9ee608f14bfc2c980701dd494,alluxio.security.authentication$PlainSaslServerCallbackHandler,alluxio/core/common/src/main/java/alluxio/security/authentication/PlainSaslServerCallbackHandler.java,0,0,0,0,0,0,0,48,0,5
alluxio,c292bf85eddfe2d9ee608f14bfc2c980701dd494,alluxio.thrift$SetAttributeTOptions,alluxio/core/common/src/main/java/alluxio/thrift/SetAttributeTOptions.java,0,0,0,0,1,0,0,1087,0,140
alluxio,c292bf85eddfe2d9ee608f14bfc2c980701dd494,alluxio.util$ThreadFactoryUtils,alluxio/core/common/src/main/java/alluxio/util/ThreadFactoryUtils.java,0,0,0,0,0,0,0,15,0,0
alluxio,c292bf85eddfe2d9ee608f14bfc2c980701dd494,alluxio.exception.status$NotFoundException,alluxio/core/common/src/main/java/alluxio/exception/status/NotFoundException.java,0,0,0,0,0,0,0,25,3,0
alluxio,c292bf85eddfe2d9ee608f14bfc2c980701dd494,alluxio.wire$WorkerInfo,alluxio/core/common/src/main/java/alluxio/wire/WorkerInfo.java,0,0,0,0,0,0,0,182,0,2
alluxio,c292bf85eddfe2d9ee608f14bfc2c980701dd494,alluxio.exception$InvalidPathException,alluxio/core/common/src/main/java/alluxio/exception/InvalidPathException.java,0,0,0,0,0,0,0,43,3,0
alluxio,c292bf85eddfe2d9ee608f14bfc2c980701dd494,alluxio.exception$AlluxioException,alluxio/core/common/src/main/java/alluxio/exception/AlluxioException.java,0,0,0,0,0,0,0,39,2,0
alluxio,c292bf85eddfe2d9ee608f14bfc2c980701dd494,alluxio.util.io$ByteIOUtils,alluxio/core/common/src/main/java/alluxio/util/io/ByteIOUtils.java,0,0,0,0,0,0,0,228,0,1
alluxio,c292bf85eddfe2d9ee608f14bfc2c980701dd494,alluxio.wire$WorkerNetAddress,alluxio/core/common/src/main/java/alluxio/wire/WorkerNetAddress.java,0,0,0,0,0,0,0,140,0,2
alluxio,c292bf85eddfe2d9ee608f14bfc2c980701dd494,alluxio.collections$Pair,alluxio/core/common/src/main/java/alluxio/collections/Pair.java,0,0,0,0,0,0,0,66,0,1
alluxio,c292bf85eddfe2d9ee608f14bfc2c980701dd494,alluxio.retry$TimeoutRetry,alluxio/core/common/src/main/java/alluxio/retry/TimeoutRetry.java,0,0,0,0,0,0,0,43,0,3
alluxio,c292bf85eddfe2d9ee608f14bfc2c980701dd494,alluxio.network.connection$NettyChannelPool,alluxio/core/common/src/main/java/alluxio/network/connection/NettyChannelPool.java,0,0,0,0,0,0,0,89,1,2
alluxio,c292bf85eddfe2d9ee608f14bfc2c980701dd494,alluxio.proxy$PathsRestServiceHandler,alluxio/core/server/proxy/src/main/java/alluxio/proxy/PathsRestServiceHandler.java,0,0,0,0,1,0,0,320,0,12
alluxio,c292bf85eddfe2d9ee608f14bfc2c980701dd494,alluxio.security.authentication$SimpleAuthenticationProvider,alluxio/core/common/src/main/java/alluxio/security/authentication/SimpleAuthenticationProvider.java,0,0,0,0,0,0,0,11,0,0
alluxio,c292bf85eddfe2d9ee608f14bfc2c980701dd494,alluxio.util$CommonUtils,alluxio/core/common/src/main/java/alluxio/util/CommonUtils.java,0,0,0,0,0,3,0,455,0,22
alluxio,c292bf85eddfe2d9ee608f14bfc2c980701dd494,alluxio$StandardURI,alluxio/core/common/src/main/java/alluxio/StandardURI.java,0,0,0,0,0,0,1,119,0,7
alluxio,c292bf85eddfe2d9ee608f14bfc2c980701dd494,alluxio.security.authentication$PlainSaslClientCallbackHandler,alluxio/core/common/src/main/java/alluxio/security/authentication/PlainSaslClientCallbackHandler.java,0,0,0,0,0,0,0,31,0,3
alluxio,c292bf85eddfe2d9ee608f14bfc2c980701dd494,alluxio.security.login$AlluxioLoginModule,alluxio/core/common/src/main/java/alluxio/security/login/AlluxioLoginModule.java,0,0,0,0,0,2,0,127,0,8
alluxio,c292bf85eddfe2d9ee608f14bfc2c980701dd494,alluxio.wire$LockBlockResult,alluxio/core/common/src/main/java/alluxio/wire/LockBlockResult.java,0,0,0,0,0,0,0,181,0,2
alluxio,c292bf85eddfe2d9ee608f14bfc2c980701dd494,alluxio.underfs.options$DeleteOptions,alluxio/core/common/src/main/java/alluxio/underfs/options/DeleteOptions.java,0,0,0,0,0,0,0,59,0,2
alluxio,c292bf85eddfe2d9ee608f14bfc2c980701dd494,alluxio.security.authentication$CustomAuthenticationProvider,alluxio/core/common/src/main/java/alluxio/security/authentication/CustomAuthenticationProvider.java,0,0,0,0,0,0,0,37,0,0
alluxio,c292bf85eddfe2d9ee608f14bfc2c980701dd494,alluxio.thrift$LockBlockResult,alluxio/core/common/src/main/java/alluxio/thrift/LockBlockResult.java,0,0,0,0,1,0,0,567,0,55
alluxio,c292bf85eddfe2d9ee608f14bfc2c980701dd494,alluxio.exception.status$AlreadyExistsException,alluxio/core/common/src/main/java/alluxio/exception/status/AlreadyExistsException.java,0,0,0,0,0,0,0,25,3,0
alluxio,c292bf85eddfe2d9ee608f14bfc2c980701dd494,alluxio.thrift$MountTOptions,alluxio/core/common/src/main/java/alluxio/thrift/MountTOptions.java,0,0,0,0,1,0,0,613,0,62
alluxio,c292bf85eddfe2d9ee608f14bfc2c980701dd494,alluxio.security.authentication$PlainSaslServerProvider,alluxio/core/common/src/main/java/alluxio/security/authentication/PlainSaslServerProvider.java,0,0,0,0,0,0,0,15,2,0
alluxio,c292bf85eddfe2d9ee608f14bfc2c980701dd494,alluxio.wire$ThriftUtils,alluxio/core/common/src/main/java/alluxio/wire/ThriftUtils.java,0,0,0,0,0,0,0,223,0,0
alluxio,c292bf85eddfe2d9ee608f14bfc2c980701dd494,alluxio.underfs$UnderFileSystemConfiguration,alluxio/core/common/src/main/java/alluxio/underfs/UnderFileSystemConfiguration.java,0,0,0,0,2,0,0,48,0,3
alluxio,c292bf85eddfe2d9ee608f14bfc2c980701dd494,alluxio.network.protocol$RPCMessageEncoder,alluxio/core/common/src/main/java/alluxio/network/protocol/RPCMessageEncoder.java,0,0,0,0,0,0,0,44,1,2
alluxio,c292bf85eddfe2d9ee608f14bfc2c980701dd494,alluxio.thrift$AlluxioTException,alluxio/core/common/src/main/java/alluxio/thrift/AlluxioTException.java,0,0,0,0,1,0,0,476,1,42
alluxio,c292bf85eddfe2d9ee608f14bfc2c980701dd494,alluxio.underfs$AtomicFileOutputStream,alluxio/core/common/src/main/java/alluxio/underfs/AtomicFileOutputStream.java,0,0,0,0,0,0,0,67,1,4
alluxio,c292bf85eddfe2d9ee608f14bfc2c980701dd494,alluxio.underfs.options$FileLocationOptions,alluxio/core/common/src/main/java/alluxio/underfs/options/FileLocationOptions.java,0,0,0,0,0,0,0,59,0,2
alluxio,c292bf85eddfe2d9ee608f14bfc2c980701dd494,alluxio.underfs.options$CreateOptions,alluxio/core/common/src/main/java/alluxio/underfs/options/CreateOptions.java,0,0,0,0,0,0,0,148,0,2
alluxio,c292bf85eddfe2d9ee608f14bfc2c980701dd494,alluxio.wire$LoadMetadataType,alluxio/core/common/src/main/java/alluxio/wire/LoadMetadataType.java,0,0,0,0,0,0,0,52,1,0
alluxio,c292bf85eddfe2d9ee608f14bfc2c980701dd494,alluxio.underfs$UnderFileSystemWithLogging,alluxio/core/common/src/main/java/alluxio/underfs/UnderFileSystemWithLogging.java,0,0,0,31,2,0,0,558,0,0
alluxio,c292bf85eddfe2d9ee608f14bfc2c980701dd494,alluxio.util$FormatUtils,alluxio/core/common/src/main/java/alluxio/util/FormatUtils.java,0,6,0,0,0,0,0,230,0,28
alluxio,c292bf85eddfe2d9ee608f14bfc2c980701dd494,alluxio.wire$MountPointInfo,alluxio/core/common/src/main/java/alluxio/wire/MountPointInfo.java,0,0,0,0,0,0,0,159,0,2
alluxio,c292bf85eddfe2d9ee608f14bfc2c980701dd494,alluxio.thrift$FileSystemMasterClientService,alluxio/core/common/src/main/java/alluxio/thrift/FileSystemMasterClientService.java,0,0,0,0,43,0,0,18553,0,1326
alluxio,c292bf85eddfe2d9ee608f14bfc2c980701dd494,alluxio.network.protocol.databuffer$DataFileChannel,alluxio/core/common/src/main/java/alluxio/network/protocol/databuffer/DataFileChannel.java,0,0,0,0,0,0,0,47,0,0
alluxio,c292bf85eddfe2d9ee608f14bfc2c980701dd494,alluxio.security.group$CachedGroupMapping,alluxio/core/common/src/main/java/alluxio/security/group/CachedGroupMapping.java,0,0,0,1,1,0,0,87,0,2
alluxio,c292bf85eddfe2d9ee608f14bfc2c980701dd494,alluxio.exception.status$ResourceExhaustedException,alluxio/core/common/src/main/java/alluxio/exception/status/ResourceExhaustedException.java,0,0,0,0,0,0,0,25,3,0
alluxio,c292bf85eddfe2d9ee608f14bfc2c980701dd494,alluxio.network.protocol$RPCProtoMessage,alluxio/core/common/src/main/java/alluxio/network/protocol/RPCProtoMessage.java,0,0,0,0,0,0,0,182,1,9
alluxio,c292bf85eddfe2d9ee608f14bfc2c980701dd494,alluxio.job$CommandLineJob,alluxio/core/common/src/main/java/alluxio/job/CommandLineJob.java,0,0,0,3,0,0,0,77,1,2
alluxio,c292bf85eddfe2d9ee608f14bfc2c980701dd494,alluxio.job$JobConf,alluxio/core/common/src/main/java/alluxio/job/JobConf.java,0,0,0,0,0,0,0,19,0,0
alluxio,c292bf85eddfe2d9ee608f14bfc2c980701dd494,alluxio.network.connection$ThriftClientPool,alluxio/core/common/src/main/java/alluxio/network/connection/ThriftClientPool.java,0,0,0,0,0,0,0,209,1,9
alluxio,c292bf85eddfe2d9ee608f14bfc2c980701dd494,alluxio.security.authentication$NoSaslTransportProvider,alluxio/core/common/src/main/java/alluxio/security/authentication/NoSaslTransportProvider.java,0,0,0,0,0,0,0,38,0,0
alluxio,c292bf85eddfe2d9ee608f14bfc2c980701dd494,alluxio.exception$UnexpectedAlluxioException,alluxio/core/common/src/main/java/alluxio/exception/UnexpectedAlluxioException.java,0,0,0,0,0,0,0,18,3,0
alluxio,c292bf85eddfe2d9ee608f14bfc2c980701dd494,alluxio.thrift$FileSystemCommand,alluxio/core/common/src/main/java/alluxio/thrift/FileSystemCommand.java,0,0,0,0,1,0,0,478,0,42
alluxio,c292bf85eddfe2d9ee608f14bfc2c980701dd494,alluxio.thrift$FileSystemCommandOptions,alluxio/core/common/src/main/java/alluxio/thrift/FileSystemCommandOptions.java,0,0,0,0,1,0,0,272,1,12
alluxio,c292bf85eddfe2d9ee608f14bfc2c980701dd494,alluxio.network.protocol$RPCBlockWriteResponse,alluxio/core/common/src/main/java/alluxio/network/protocol/RPCBlockWriteResponse.java,0,0,0,0,0,0,0,115,2,0
alluxio,c292bf85eddfe2d9ee608f14bfc2c980701dd494,alluxio.util$ShellUtils,alluxio/core/common/src/main/java/alluxio/util/ShellUtils.java,0,0,0,0,0,0,0,184,0,3
alluxio,c292bf85eddfe2d9ee608f14bfc2c980701dd494,alluxio.thrift$FileSystemMasterWorkerService,alluxio/core/common/src/main/java/alluxio/thrift/FileSystemMasterWorkerService.java,0,0,0,0,14,0,0,4133,0,286
alluxio,c292bf85eddfe2d9ee608f14bfc2c980701dd494,alluxio.security$User,alluxio/core/common/src/main/java/alluxio/security/User.java,0,0,0,0,0,0,0,40,0,2
alluxio,c292bf85eddfe2d9ee608f14bfc2c980701dd494,alluxio.underfs.options$ListOptions,alluxio/core/common/src/main/java/alluxio/underfs/options/ListOptions.java,0,0,0,0,0,0,0,59,0,2
alluxio,c292bf85eddfe2d9ee608f14bfc2c980701dd494,alluxio.thrift$TStatus,alluxio/core/common/src/main/java/alluxio/thrift/TStatus.java,0,0,0,0,0,0,0,76,1,0
alluxio,c292bf85eddfe2d9ee608f14bfc2c980701dd494,alluxio.underfs$UnderFileStatus,alluxio/core/common/src/main/java/alluxio/underfs/UnderFileStatus.java,0,0,0,0,0,0,0,58,0,2
alluxio,c292bf85eddfe2d9ee608f14bfc2c980701dd494,alluxio.exception$BlockInfoException,alluxio/core/common/src/main/java/alluxio/exception/BlockInfoException.java,0,0,0,0,0,0,0,43,3,0
alluxio,c292bf85eddfe2d9ee608f14bfc2c980701dd494,alluxio.thrift$TTtlAction,alluxio/core/common/src/main/java/alluxio/thrift/TTtlAction.java,0,0,0,0,0,0,0,31,1,0
alluxio,c292bf85eddfe2d9ee608f14bfc2c980701dd494,alluxio.util.io$FileUtils,alluxio/core/common/src/main/java/alluxio/util/io/FileUtils.java,0,0,0,4,0,0,0,254,0,8
alluxio,c292bf85eddfe2d9ee608f14bfc2c980701dd494,alluxio.exception$FileAlreadyExistsException,alluxio/core/common/src/main/java/alluxio/exception/FileAlreadyExistsException.java,0,0,0,0,0,0,0,52,3,0
alluxio,c292bf85eddfe2d9ee608f14bfc2c980701dd494,alluxio.network.protocol$RPCRequest,alluxio/core/common/src/main/java/alluxio/network/protocol/RPCRequest.java,0,0,0,0,0,0,0,1,1,0
alluxio,c292bf85eddfe2d9ee608f14bfc2c980701dd494,alluxio.resource$ResourcePool,alluxio/core/common/src/main/java/alluxio/resource/ResourcePool.java,0,0,0,0,0,0,0,142,0,9
alluxio,c292bf85eddfe2d9ee608f14bfc2c980701dd494,alluxio.collections$NonUniqueFieldIndex,alluxio/core/common/src/main/java/alluxio/collections/NonUniqueFieldIndex.java,0,0,0,0,1,0,0,167,0,13
alluxio,c292bf85eddfe2d9ee608f14bfc2c980701dd494,alluxio.exception$WorkerOutOfSpaceException,alluxio/core/common/src/main/java/alluxio/exception/WorkerOutOfSpaceException.java,0,0,0,0,0,0,0,43,3,0
alluxio,c292bf85eddfe2d9ee608f14bfc2c980701dd494,alluxio.resource$LockResource,alluxio/core/common/src/main/java/alluxio/resource/LockResource.java,0,0,0,0,0,0,0,20,0,0
alluxio,c292bf85eddfe2d9ee608f14bfc2c980701dd494,alluxio.thrift$LockBlockStatus,alluxio/core/common/src/main/java/alluxio/thrift/LockBlockStatus.java,0,0,0,0,0,0,0,43,1,0
alluxio,c292bf85eddfe2d9ee608f14bfc2c980701dd494,alluxio.thrift$WorkerNetAddress,alluxio/core/common/src/main/java/alluxio/thrift/WorkerNetAddress.java,0,0,0,0,1,0,0,765,0,81
alluxio,c292bf85eddfe2d9ee608f14bfc2c980701dd494,alluxio.network.protocol$RPCMessage,alluxio/core/common/src/main/java/alluxio/network/protocol/RPCMessage.java,0,0,0,0,0,0,0,187,0,0
alluxio,c292bf85eddfe2d9ee608f14bfc2c980701dd494,alluxio.collections$UniqueFieldIndex,alluxio/core/common/src/main/java/alluxio/collections/UniqueFieldIndex.java,0,0,0,0,2,0,0,74,0,3
alluxio,c292bf85eddfe2d9ee608f14bfc2c980701dd494,alluxio.util$URIUtils,alluxio/core/common/src/main/java/alluxio/util/URIUtils.java,0,0,0,0,0,0,6,97,0,6
alluxio,c292bf85eddfe2d9ee608f14bfc2c980701dd494,alluxio.exception.status$UnknownException,alluxio/core/common/src/main/java/alluxio/exception/status/UnknownException.java,0,0,0,0,0,0,0,25,3,0
alluxio,c292bf85eddfe2d9ee608f14bfc2c980701dd494,alluxio.security.login$LoginModuleConfigurationUtils,alluxio/core/common/src/main/java/alluxio/security/login/LoginModuleConfigurationUtils.java,0,0,0,0,0,0,0,56,0,7
alluxio,c292bf85eddfe2d9ee608f14bfc2c980701dd494,alluxio.heartbeat$ScheduledTimer,alluxio/core/common/src/main/java/alluxio/heartbeat/ScheduledTimer.java,0,0,0,0,0,0,0,58,0,1
alluxio,c292bf85eddfe2d9ee608f14bfc2c980701dd494,alluxio.security.authentication$PlainSaslServer,alluxio/core/common/src/main/java/alluxio/security/authentication/PlainSaslServer.java,0,0,0,0,0,0,0,160,0,6
alluxio,c292bf85eddfe2d9ee608f14bfc2c980701dd494,alluxio$MasterInquireClient,alluxio/core/common/src/main/java/alluxio/MasterInquireClient.java,0,0,0,0,0,0,0,136,0,13
alluxio,c292bf85eddfe2d9ee608f14bfc2c980701dd494,alluxio.metrics$MetricsSystem,alluxio/core/common/src/main/java/alluxio/metrics/MetricsSystem.java,0,0,0,0,0,0,0,246,0,11
alluxio,c292bf85eddfe2d9ee608f14bfc2c980701dd494,alluxio.wire$Capacity,alluxio/core/common/src/main/java/alluxio/wire/Capacity.java,0,0,0,0,0,0,0,62,0,2
alluxio,c292bf85eddfe2d9ee608f14bfc2c980701dd494,alluxio.network.protocol$RPCBlockReadRequest,alluxio/core/common/src/main/java/alluxio/network/protocol/RPCBlockReadRequest.java,0,0,0,0,0,0,0,106,2,0
alluxio,c292bf85eddfe2d9ee608f14bfc2c980701dd494,alluxio.network.protocol$RPCResponse,alluxio/core/common/src/main/java/alluxio/network/protocol/RPCResponse.java,0,0,0,0,0,0,0,111,1,3
alluxio,c292bf85eddfe2d9ee608f14bfc2c980701dd494,alluxio.security.login$LoginModuleConfiguration,alluxio/core/common/src/main/java/alluxio/security/login/LoginModuleConfiguration.java,0,0,0,0,0,0,0,48,1,2
alluxio,c292bf85eddfe2d9ee608f14bfc2c980701dd494,alluxio.exception.status$AlluxioStatusException,alluxio/core/common/src/main/java/alluxio/exception/status/AlluxioStatusException.java,0,0,0,0,0,0,0,258,2,1
alluxio,c292bf85eddfe2d9ee608f14bfc2c980701dd494,alluxio.thrift$FileSystemWorkerClientService,alluxio/core/common/src/main/java/alluxio/thrift/FileSystemWorkerClientService.java,0,0,0,0,17,0,0,7057,0,524
alluxio,c292bf85eddfe2d9ee608f14bfc2c980701dd494,alluxio.security.authentication$AuthenticatedClientUser,alluxio/core/common/src/main/java/alluxio/security/authentication/AuthenticatedClientUser.java,0,0,0,0,0,0,0,57,0,2
alluxio,c292bf85eddfe2d9ee608f14bfc2c980701dd494,alluxio.thrift$CheckConsistencyTOptions,alluxio/core/common/src/main/java/alluxio/thrift/CheckConsistencyTOptions.java,0,0,0,0,1,0,0,246,0,9
alluxio,c292bf85eddfe2d9ee608f14bfc2c980701dd494,alluxio.clock$SystemClock,alluxio/core/common/src/main/java/alluxio/clock/SystemClock.java,0,0,0,0,0,0,0,10,0,0
alluxio,c292bf85eddfe2d9ee608f14bfc2c980701dd494,alluxio.resource$CloseableResource,alluxio/core/common/src/main/java/alluxio/resource/CloseableResource.java,0,0,0,0,0,0,0,25,0,0
alluxio,c292bf85eddfe2d9ee608f14bfc2c980701dd494,alluxio.thrift$MasterInfo,alluxio/core/common/src/main/java/alluxio/thrift/MasterInfo.java,0,0,0,0,1,0,0,357,0,21
alluxio,c292bf85eddfe2d9ee608f14bfc2c980701dd494,alluxio.network.protocol$RPCBlockReadResponse,alluxio/core/common/src/main/java/alluxio/network/protocol/RPCBlockReadResponse.java,0,0,0,0,0,0,0,135,2,1
alluxio,c292bf85eddfe2d9ee608f14bfc2c980701dd494,alluxio.exception$PreconditionMessage,alluxio/core/common/src/main/java/alluxio/exception/PreconditionMessage.java,0,0,0,0,0,0,0,64,1,0
alluxio,c292bf85eddfe2d9ee608f14bfc2c980701dd494,alluxio.thrift$Command,alluxio/core/common/src/main/java/alluxio/thrift/Command.java,0,0,0,0,2,0,0,525,0,47
alluxio,c292bf85eddfe2d9ee608f14bfc2c980701dd494,alluxio.security.authorization$Mode,alluxio/core/common/src/main/java/alluxio/security/authorization/Mode.java,0,0,0,0,0,0,0,334,0,5
alluxio,c292bf85eddfe2d9ee608f14bfc2c980701dd494,alluxio.exception$LineageDoesNotExistException,alluxio/core/common/src/main/java/alluxio/exception/LineageDoesNotExistException.java,0,0,0,0,0,0,0,60,3,1
alluxio,c292bf85eddfe2d9ee608f14bfc2c980701dd494,alluxio.thrift$CreateDirectoryTOptions,alluxio/core/common/src/main/java/alluxio/thrift/CreateDirectoryTOptions.java,0,0,0,0,1,0,0,873,0,102
alluxio,c292bf85eddfe2d9ee608f14bfc2c980701dd494,alluxio.heartbeat$HeartbeatContext,alluxio/core/common/src/main/java/alluxio/heartbeat/HeartbeatContext.java,0,0,0,0,1,0,0,67,0,1
alluxio,c292bf85eddfe2d9ee608f14bfc2c980701dd494,alluxio$AlluxioURI,alluxio/core/common/src/main/java/alluxio/AlluxioURI.java,0,0,0,0,0,0,0,406,0,19
alluxio,c292bf85eddfe2d9ee608f14bfc2c980701dd494,alluxio.retry$CountingRetry,alluxio/core/common/src/main/java/alluxio/retry/CountingRetry.java,0,0,0,0,0,0,0,28,0,1
alluxio,c292bf85eddfe2d9ee608f14bfc2c980701dd494,alluxio.exception$AccessControlException,alluxio/core/common/src/main/java/alluxio/exception/AccessControlException.java,0,0,0,0,0,0,0,43,3,0
alluxio,c292bf85eddfe2d9ee608f14bfc2c980701dd494,alluxio.exception$FileDoesNotExistException,alluxio/core/common/src/main/java/alluxio/exception/FileDoesNotExistException.java,0,0,0,0,0,0,0,52,3,0
alluxio,c292bf85eddfe2d9ee608f14bfc2c980701dd494,alluxio.web$ProxyWebServer,alluxio/core/server/proxy/src/main/java/alluxio/web/ProxyWebServer.java,0,0,0,0,0,0,0,35,1,0
alluxio,c292bf85eddfe2d9ee608f14bfc2c980701dd494,alluxio.thrift$FileBlockInfo,alluxio/core/common/src/main/java/alluxio/thrift/FileBlockInfo.java,0,0,0,0,3,0,0,780,0,84
alluxio,c292bf85eddfe2d9ee608f14bfc2c980701dd494,alluxio.collections$IndexedSet,alluxio/core/common/src/main/java/alluxio/collections/IndexedSet.java,0,0,0,0,1,0,0,247,2,14
alluxio,c292bf85eddfe2d9ee608f14bfc2c980701dd494,alluxio.heartbeat$HeartbeatThread,alluxio/core/common/src/main/java/alluxio/heartbeat/HeartbeatThread.java,0,0,0,0,0,3,0,59,0,2
alluxio,c292bf85eddfe2d9ee608f14bfc2c980701dd494,alluxio.security.authentication$TransportProviderUtils,alluxio/core/common/src/main/java/alluxio/security/authentication/TransportProviderUtils.java,0,0,0,0,0,0,0,14,0,0
alluxio,c292bf85eddfe2d9ee608f14bfc2c980701dd494,alluxio.wire$CommandLineJobInfo,alluxio/core/common/src/main/java/alluxio/wire/CommandLineJobInfo.java,0,0,0,0,0,0,0,83,0,2
alluxio,c292bf85eddfe2d9ee608f14bfc2c980701dd494,alluxio.network$ChannelType,alluxio/core/common/src/main/java/alluxio/network/ChannelType.java,0,0,0,0,0,0,0,24,1,1
alluxio,c292bf85eddfe2d9ee608f14bfc2c980701dd494,alluxio.exception$BlockDoesNotExistException,alluxio/core/common/src/main/java/alluxio/exception/BlockDoesNotExistException.java,0,0,0,0,0,0,0,43,3,0
alluxio,c292bf85eddfe2d9ee608f14bfc2c980701dd494,alluxio.client.file$URIStatus,alluxio/core/common/src/main/java/alluxio/client/file/URIStatus.java,0,0,0,0,0,0,0,211,0,2
alluxio,c292bf85eddfe2d9ee608f14bfc2c980701dd494,alluxio.exception.status$InternalException,alluxio/core/common/src/main/java/alluxio/exception/status/InternalException.java,0,0,0,0,0,0,0,25,3,0
alluxio,c292bf85eddfe2d9ee608f14bfc2c980701dd494,alluxio.thrift$CommandType,alluxio/core/common/src/main/java/alluxio/thrift/CommandType.java,0,0,0,0,0,0,0,43,1,0
alluxio,c292bf85eddfe2d9ee608f14bfc2c980701dd494,alluxio.wire$FileBlockInfo,alluxio/core/common/src/main/java/alluxio/wire/FileBlockInfo.java,0,0,0,0,0,0,0,117,0,6
alluxio,c292bf85eddfe2d9ee608f14bfc2c980701dd494,alluxio.util.io$PathUtils,alluxio/core/common/src/main/java/alluxio/util/io/PathUtils.java,0,0,0,0,0,0,0,233,0,14
alluxio,c292bf85eddfe2d9ee608f14bfc2c980701dd494,alluxio.thrift$WorkerInfo,alluxio/core/common/src/main/java/alluxio/thrift/WorkerInfo.java,0,0,0,0,1,0,0,968,0,108
alluxio,c292bf85eddfe2d9ee608f14bfc2c980701dd494,alluxio.util$OSUtils,alluxio/core/common/src/main/java/alluxio/util/OSUtils.java,0,0,0,0,0,0,0,46,0,0
alluxio,c292bf85eddfe2d9ee608f14bfc2c980701dd494,alluxio.exception.status$UnavailableException,alluxio/core/common/src/main/java/alluxio/exception/status/UnavailableException.java,0,0,0,0,0,0,0,25,3,0
alluxio,c292bf85eddfe2d9ee608f14bfc2c980701dd494,alluxio.collections$DirectedAcyclicGraphNode,alluxio/core/common/src/main/java/alluxio/collections/DirectedAcyclicGraphNode.java,0,0,0,0,0,0,0,83,0,0
alluxio,c292bf85eddfe2d9ee608f14bfc2c980701dd494,alluxio.underfs$UnderFileSystemRegistry,alluxio/core/common/src/main/java/alluxio/underfs/UnderFileSystemRegistry.java,0,0,0,0,1,0,0,185,0,13
alluxio,c292bf85eddfe2d9ee608f14bfc2c980701dd494,alluxio.security.authentication$AuthType,alluxio/core/common/src/main/java/alluxio/security/authentication/AuthType.java,0,0,0,0,0,0,0,34,1,0
alluxio,c292bf85eddfe2d9ee608f14bfc2c980701dd494,alluxio.exception$ExceptionMessage,alluxio/core/common/src/main/java/alluxio/exception/ExceptionMessage.java,0,0,0,0,0,0,0,237,1,0
alluxio,c292bf85eddfe2d9ee608f14bfc2c980701dd494,alluxio.retry$SleepingRetry,alluxio/core/common/src/main/java/alluxio/retry/SleepingRetry.java,0,0,0,0,0,2,0,42,0,1
alluxio,c292bf85eddfe2d9ee608f14bfc2c980701dd494,alluxio.thrift$FileInfo,alluxio/core/common/src/main/java/alluxio/thrift/FileInfo.java,0,0,0,0,3,0,0,2803,0,367
alluxio,c292bf85eddfe2d9ee608f14bfc2c980701dd494,alluxio.exception$FileAlreadyCompletedException,alluxio/core/common/src/main/java/alluxio/exception/FileAlreadyCompletedException.java,0,0,0,0,0,0,0,44,3,0
alluxio,c292bf85eddfe2d9ee608f14bfc2c980701dd494,alluxio$AbstractClient,alluxio/core/common/src/main/java/alluxio/AbstractClient.java,0,0,0,0,0,0,0,272,0,11
alluxio,c292bf85eddfe2d9ee608f14bfc2c980701dd494,alluxio.thrift$LineageInfo,alluxio/core/common/src/main/java/alluxio/thrift/LineageInfo.java,0,0,0,0,5,0,0,1182,0,140
alluxio,c292bf85eddfe2d9ee608f14bfc2c980701dd494,alluxio.heartbeat$HeartbeatScheduler,alluxio/core/common/src/main/java/alluxio/heartbeat/HeartbeatScheduler.java,0,0,0,0,0,0,0,121,0,4
alluxio,c292bf85eddfe2d9ee608f14bfc2c980701dd494,alluxio.exception$DirectoryNotEmptyException,alluxio/core/common/src/main/java/alluxio/exception/DirectoryNotEmptyException.java,0,0,0,0,0,0,0,44,3,0
alluxio,c292bf85eddfe2d9ee608f14bfc2c980701dd494,alluxio$RuntimeConstants,alluxio/core/common/src/main/java/alluxio/RuntimeConstants.java,0,0,0,0,0,0,0,27,0,1
alluxio,c292bf85eddfe2d9ee608f14bfc2c980701dd494,alluxio.wire$LineageInfo,alluxio/core/common/src/main/java/alluxio/wire/LineageInfo.java,0,0,0,0,0,0,0,183,0,2
alluxio,c292bf85eddfe2d9ee608f14bfc2c980701dd494,alluxio.thrift$LoadMetadataTType,alluxio/core/common/src/main/java/alluxio/thrift/LoadMetadataTType.java,0,0,0,0,0,0,0,34,1,0
alluxio,c292bf85eddfe2d9ee608f14bfc2c980701dd494,alluxio.util.io$BufferUtils,alluxio/core/common/src/main/java/alluxio/util/io/BufferUtils.java,0,0,0,0,0,0,0,332,0,19
alluxio,c292bf85eddfe2d9ee608f14bfc2c980701dd494,alluxio.util.network$NetworkAddressUtils,alluxio/core/common/src/main/java/alluxio/util/network/NetworkAddressUtils.java,0,0,0,0,3,0,10,595,0,25
alluxio,c292bf85eddfe2d9ee608f14bfc2c980701dd494,alluxio.network.protocol$RPCMessageDecoder,alluxio/core/common/src/main/java/alluxio/network/protocol/RPCMessageDecoder.java,0,0,0,0,0,0,0,20,1,0
alluxio,c292bf85eddfe2d9ee608f14bfc2c980701dd494,alluxio$StreamCache,alluxio/core/server/proxy/src/main/java/alluxio/StreamCache.java,0,0,0,0,0,0,0,91,0,2
alluxio,c292bf85eddfe2d9ee608f14bfc2c980701dd494,alluxio.thrift$MetaMasterClientService,alluxio/core/common/src/main/java/alluxio/thrift/MetaMasterClientService.java,0,0,0,0,7,0,0,1010,0,59
alluxio,c292bf85eddfe2d9ee608f14bfc2c980701dd494,alluxio.security.login$AppLoginModule,alluxio/core/common/src/main/java/alluxio/security/login/AppLoginModule.java,0,0,0,0,0,0,0,138,0,8
alluxio,c292bf85eddfe2d9ee608f14bfc2c980701dd494,alluxio.collections$ConcurrentHashSet,alluxio/core/common/src/main/java/alluxio/collections/ConcurrentHashSet.java,0,0,0,0,0,0,0,104,2,0
alluxio,c292bf85eddfe2d9ee608f14bfc2c980701dd494,alluxio.thrift$BlockMasterClientService,alluxio/core/common/src/main/java/alluxio/thrift/BlockMasterClientService.java,0,0,0,0,13,0,0,3714,0,233
alluxio,c292bf85eddfe2d9ee608f14bfc2c980701dd494,alluxio.exception.status$InvalidArgumentException,alluxio/core/common/src/main/java/alluxio/exception/status/InvalidArgumentException.java,0,0,0,0,0,0,0,25,3,0
alluxio,c292bf85eddfe2d9ee608f14bfc2c980701dd494,alluxio.wire$JobConfInfo,alluxio/core/common/src/main/java/alluxio/wire/JobConfInfo.java,0,0,0,0,0,0,0,64,0,2
alluxio,c292bf85eddfe2d9ee608f14bfc2c980701dd494,alluxio.worker.block.io$LocalFileBlockWriter,alluxio/core/common/src/main/java/alluxio/worker/block/io/LocalFileBlockWriter.java,0,0,0,1,0,0,0,85,0,1
alluxio,c292bf85eddfe2d9ee608f14bfc2c980701dd494,alluxio.collections$DirectedAcyclicGraph,alluxio/core/common/src/main/java/alluxio/collections/DirectedAcyclicGraph.java,0,0,0,0,0,0,0,170,0,12
alluxio,c292bf85eddfe2d9ee608f14bfc2c980701dd494,alluxio.security$LoginUser,alluxio/core/common/src/main/java/alluxio/security/LoginUser.java,0,0,0,0,0,0,0,80,0,7
alluxio,c292bf85eddfe2d9ee608f14bfc2c980701dd494,alluxio.exception.status$Status,alluxio/core/common/src/main/java/alluxio/exception/status/Status.java,0,0,0,0,0,0,0,304,1,0
alluxio,c292bf85eddfe2d9ee608f14bfc2c980701dd494,alluxio.thrift$UfsInfo,alluxio/core/common/src/main/java/alluxio/thrift/UfsInfo.java,0,0,0,0,1,0,0,516,0,51
alluxio,c292bf85eddfe2d9ee608f14bfc2c980701dd494,alluxio.thrift$JobConfInfo,alluxio/core/common/src/main/java/alluxio/thrift/JobConfInfo.java,0,0,0,0,1,0,0,359,0,25
alluxio,c292bf85eddfe2d9ee608f14bfc2c980701dd494,alluxio.thrift$MasterInfoField,alluxio/core/common/src/main/java/alluxio/thrift/MasterInfoField.java,0,0,0,0,0,0,0,28,1,0
alluxio,c292bf85eddfe2d9ee608f14bfc2c980701dd494,alluxio.thrift$BlockInfo,alluxio/core/common/src/main/java/alluxio/thrift/BlockInfo.java,0,0,0,0,2,0,0,615,0,57
alluxio,c292bf85eddfe2d9ee608f14bfc2c980701dd494,alluxio.worker.block.io$LocalFileBlockReader,alluxio/core/common/src/main/java/alluxio/worker/block/io/LocalFileBlockReader.java,0,0,0,1,0,0,0,83,0,2
alluxio,c292bf85eddfe2d9ee608f14bfc2c980701dd494,alluxio.util$IdUtils,alluxio/core/common/src/main/java/alluxio/util/IdUtils.java,0,0,0,0,0,0,0,59,0,1
alluxio,c292bf85eddfe2d9ee608f14bfc2c980701dd494,alluxio.util.executor$ExecutorServiceFactories,alluxio/core/common/src/main/java/alluxio/util/executor/ExecutorServiceFactories.java,0,0,0,0,0,0,0,35,0,0
alluxio,c292bf85eddfe2d9ee608f14bfc2c980701dd494,alluxio$LeaderSelectorClient,alluxio/core/common/src/main/java/alluxio/LeaderSelectorClient.java,0,0,0,0,0,3,0,172,0,8
alluxio,c292bf85eddfe2d9ee608f14bfc2c980701dd494,alluxio.thrift$CommandLineJobInfo,alluxio/core/common/src/main/java/alluxio/thrift/CommandLineJobInfo.java,0,0,0,0,1,0,0,466,0,42
alluxio,c292bf85eddfe2d9ee608f14bfc2c980701dd494,alluxio.exception$BlockAlreadyExistsException,alluxio/core/common/src/main/java/alluxio/exception/BlockAlreadyExistsException.java,0,0,0,0,0,0,0,43,3,0
alluxio,c292bf85eddfe2d9ee608f14bfc2c980701dd494,alluxio.thrift$LineageMasterClientService,alluxio/core/common/src/main/java/alluxio/thrift/LineageMasterClientService.java,0,0,0,0,17,0,0,5662,0,415
alluxio,c292bf85eddfe2d9ee608f14bfc2c980701dd494,alluxio.network.protocol.databuffer$DataNettyBuffer,alluxio/core/common/src/main/java/alluxio/network/protocol/databuffer/DataNettyBuffer.java,0,0,0,0,0,0,0,73,0,0
alluxio,c292bf85eddfe2d9ee608f14bfc2c980701dd494,alluxio.wire$BlockInfo,alluxio/core/common/src/main/java/alluxio/wire/BlockInfo.java,0,0,0,0,0,0,0,108,0,4
alluxio,c292bf85eddfe2d9ee608f14bfc2c980701dd494,alluxio.network.protocol$RPCErrorResponse,alluxio/core/common/src/main/java/alluxio/network/protocol/RPCErrorResponse.java,0,0,0,0,0,0,0,47,2,0
alluxio,c292bf85eddfe2d9ee608f14bfc2c980701dd494,alluxio.network.protocol.databuffer$DataNettyBufferV2,alluxio/core/common/src/main/java/alluxio/network/protocol/databuffer/DataNettyBufferV2.java,0,0,0,0,0,0,0,48,0,0
alluxio,c292bf85eddfe2d9ee608f14bfc2c980701dd494,alluxio.thrift$CreateFileTOptions,alluxio/core/common/src/main/java/alluxio/thrift/CreateFileTOptions.java,0,0,0,0,1,0,0,873,0,102
alluxio,c292bf85eddfe2d9ee608f14bfc2c980701dd494,alluxio.thrift$BlockMasterWorkerService,alluxio/core/common/src/main/java/alluxio/thrift/BlockMasterWorkerService.java,0,0,0,0,16,0,0,5573,0,455
alluxio,c292bf85eddfe2d9ee608f14bfc2c980701dd494,alluxio.network.protocol$RPCBlockWriteRequest,alluxio/core/common/src/main/java/alluxio/network/protocol/RPCBlockWriteRequest.java,0,0,0,0,0,0,0,106,2,0
alluxio,c292bf85eddfe2d9ee608f14bfc2c980701dd494,alluxio.underfs$BaseUnderFileSystem,alluxio/core/common/src/main/java/alluxio/underfs/BaseUnderFileSystem.java,0,0,0,0,1,0,0,111,0,7
alluxio,8ddb29aaa7e3f8557c902550aaae605612f85369,tachyon.master.file.meta$Inode,alluxio/servers/src/main/java/tachyon/master/file/meta/Inode.java,0,0,0,0,0,0,0,243,0,1
alluxio,8ddb29aaa7e3f8557c902550aaae605612f85369,tachyon.master.journal$SerializableJournalEntry,alluxio/servers/src/main/java/tachyon/master/journal/SerializableJournalEntry.java,0,0,0,0,0,0,0,25,0,0
alluxio,8ddb29aaa7e3f8557c902550aaae605612f85369,tachyon.metrics$MetricsConfig,alluxio/servers/src/main/java/tachyon/metrics/MetricsConfig.java,0,0,0,0,0,0,0,147,0,13
alluxio,8ddb29aaa7e3f8557c902550aaae605612f85369,tachyon.master.file.journal$DeleteFileEntry,alluxio/servers/src/main/java/tachyon/master/file/journal/DeleteFileEntry.java,0,0,0,0,0,0,0,24,0,0
alluxio,8ddb29aaa7e3f8557c902550aaae605612f85369,tachyon.worker$WorkerIdRegistry,alluxio/servers/src/main/java/tachyon/worker/WorkerIdRegistry.java,0,0,0,0,0,0,0,38,0,0
alluxio,8ddb29aaa7e3f8557c902550aaae605612f85369,tachyon.web$WebInterfaceHeaderServlet,alluxio/servers/src/main/java/tachyon/web/WebInterfaceHeaderServlet.java,0,0,0,0,0,0,0,27,1,0
alluxio,8ddb29aaa7e3f8557c902550aaae605612f85369,tachyon.worker.netty$ClosableResourceChannelListener,alluxio/servers/src/main/java/tachyon/worker/netty/ClosableResourceChannelListener.java,0,0,0,0,0,0,0,13,0,1
alluxio,8ddb29aaa7e3f8557c902550aaae605612f85369,tachyon.worker$WorkerContext,alluxio/servers/src/main/java/tachyon/worker/WorkerContext.java,0,0,0,0,0,0,0,26,0,0
alluxio,8ddb29aaa7e3f8557c902550aaae605612f85369,tachyon.master.rawtable$RawTableMaster,alluxio/servers/src/main/java/tachyon/master/rawtable/RawTableMaster.java,0,0,0,0,0,0,0,242,1,10
alluxio,8ddb29aaa7e3f8557c902550aaae605612f85369,tachyon.metrics.sink$MetricsServlet,alluxio/servers/src/main/java/tachyon/metrics/sink/MetricsServlet.java,0,0,0,0,0,0,0,56,0,0
alluxio,8ddb29aaa7e3f8557c902550aaae605612f85369,tachyon.worker.block$BlockServiceHandler,alluxio/servers/src/main/java/tachyon/worker/block/BlockServiceHandler.java,0,0,0,0,0,0,0,214,0,0
alluxio,8ddb29aaa7e3f8557c902550aaae605612f85369,tachyon.web$UIWebServer,alluxio/servers/src/main/java/tachyon/web/UIWebServer.java,0,0,0,0,0,0,0,119,0,3
alluxio,8ddb29aaa7e3f8557c902550aaae605612f85369,tachyon.worker.block$BlockLockManager,alluxio/servers/src/main/java/tachyon/worker/block/BlockLockManager.java,0,0,0,0,0,0,0,216,0,16
alluxio,8ddb29aaa7e3f8557c902550aaae605612f85369,tachyon.web$WebInterfaceWorkerBlockInfoServlet,alluxio/servers/src/main/java/tachyon/web/WebInterfaceWorkerBlockInfoServlet.java,0,0,0,0,1,0,0,205,1,10
alluxio,8ddb29aaa7e3f8557c902550aaae605612f85369,tachyon.worker.block.meta$BlockMeta,alluxio/servers/src/main/java/tachyon/worker/block/meta/BlockMeta.java,0,0,0,1,0,0,0,31,1,0
alluxio,8ddb29aaa7e3f8557c902550aaae605612f85369,tachyon.web$WebInterfaceWorkerGeneralServlet,alluxio/servers/src/main/java/tachyon/web/WebInterfaceWorkerGeneralServlet.java,0,0,0,0,0,0,0,109,1,2
alluxio,8ddb29aaa7e3f8557c902550aaae605612f85369,tachyon.worker.block.evictor$EvictorBase,alluxio/servers/src/main/java/tachyon/worker/block/evictor/EvictorBase.java,0,0,0,0,0,0,0,170,1,13
alluxio,8ddb29aaa7e3f8557c902550aaae605612f85369,tachyon.master.file.journal$SetPinnedEntry,alluxio/servers/src/main/java/tachyon/master/file/journal/SetPinnedEntry.java,0,0,0,0,0,0,0,43,0,0
alluxio,8ddb29aaa7e3f8557c902550aaae605612f85369,tachyon.master.journal$JournalTailer,alluxio/servers/src/main/java/tachyon/master/journal/JournalTailer.java,0,0,0,0,0,0,0,106,0,4
alluxio,8ddb29aaa7e3f8557c902550aaae605612f85369,tachyon.worker.netty$NettyDataServer,alluxio/servers/src/main/java/tachyon/worker/netty/NettyDataServer.java,0,0,0,0,0,0,4,115,0,3
alluxio,8ddb29aaa7e3f8557c902550aaae605612f85369,tachyon.worker.block.allocator$MaxFreeAllocator,alluxio/servers/src/main/java/tachyon/worker/block/allocator/MaxFreeAllocator.java,0,0,0,0,0,0,0,69,0,7
alluxio,8ddb29aaa7e3f8557c902550aaae605612f85369,tachyon.worker.block$SessionCleaner,alluxio/servers/src/main/java/tachyon/worker/block/SessionCleaner.java,0,0,0,0,0,0,0,51,0,2
alluxio,8ddb29aaa7e3f8557c902550aaae605612f85369,tachyon.worker.block.io$LocalFileBlockReader,alluxio/servers/src/main/java/tachyon/worker/block/io/LocalFileBlockReader.java,0,0,0,1,0,0,0,56,0,1
alluxio,8ddb29aaa7e3f8557c902550aaae605612f85369,tachyon.worker.block$BlockHeartbeatReport,alluxio/servers/src/main/java/tachyon/worker/block/BlockHeartbeatReport.java,0,0,0,0,2,0,0,28,0,0
alluxio,8ddb29aaa7e3f8557c902550aaae605612f85369,tachyon.worker.block.meta$StorageTierView,alluxio/servers/src/main/java/tachyon/worker/block/meta/StorageTierView.java,0,0,0,0,1,0,0,62,0,1
alluxio,8ddb29aaa7e3f8557c902550aaae605612f85369,tachyon.worker.block$BlockMetricsReporter,alluxio/servers/src/main/java/tachyon/worker/block/BlockMetricsReporter.java,0,0,0,0,0,0,0,67,1,3
alluxio,8ddb29aaa7e3f8557c902550aaae605612f85369,tachyon.master.file$FileSystemMasterServiceHandler,alluxio/servers/src/main/java/tachyon/master/file/FileSystemMasterServiceHandler.java,0,0,0,0,0,0,0,201,0,0
alluxio,8ddb29aaa7e3f8557c902550aaae605612f85369,tachyon.master.file.meta$InodeDirectoryIdGenerator,alluxio/servers/src/main/java/tachyon/master/file/meta/InodeDirectoryIdGenerator.java,0,0,0,0,0,0,0,45,0,2
alluxio,8ddb29aaa7e3f8557c902550aaae605612f85369,tachyon.master.file.meta$InodeDirectory,alluxio/servers/src/main/java/tachyon/master/file/meta/InodeDirectory.java,0,0,0,0,0,0,0,156,1,2
alluxio,8ddb29aaa7e3f8557c902550aaae605612f85369,tachyon.worker.block.meta$StorageDir,alluxio/servers/src/main/java/tachyon/worker/block/meta/StorageDir.java,0,0,0,0,1,0,0,428,0,26
alluxio,8ddb29aaa7e3f8557c902550aaae605612f85369,tachyon.master.file.meta$InodeFile,alluxio/servers/src/main/java/tachyon/master/file/meta/InodeFile.java,0,0,0,0,0,0,0,244,1,4
alluxio,8ddb29aaa7e3f8557c902550aaae605612f85369,tachyon.master.journal$ReadWriteJournal,alluxio/servers/src/main/java/tachyon/master/journal/ReadWriteJournal.java,0,0,0,0,0,0,0,14,2,0
alluxio,8ddb29aaa7e3f8557c902550aaae605612f85369,tachyon.master$MasterSource,alluxio/servers/src/main/java/tachyon/master/MasterSource.java,0,0,0,3,0,0,0,166,0,1
alluxio,8ddb29aaa7e3f8557c902550aaae605612f85369,tachyon.worker.block$BlockWorker,alluxio/servers/src/main/java/tachyon/worker/block/BlockWorker.java,0,0,0,0,0,0,0,291,0,7
alluxio,8ddb29aaa7e3f8557c902550aaae605612f85369,tachyon.worker$WorkerSource,alluxio/servers/src/main/java/tachyon/worker/WorkerSource.java,0,0,0,0,0,0,0,141,0,1
alluxio,8ddb29aaa7e3f8557c902550aaae605612f85369,tachyon.master.rawtable$RawTableMasterServiceHandler,alluxio/servers/src/main/java/tachyon/master/rawtable/RawTableMasterServiceHandler.java,0,0,0,0,0,0,0,60,0,0
alluxio,8ddb29aaa7e3f8557c902550aaae605612f85369,tachyon.master.block$BlockContainerIdGenerator,alluxio/servers/src/main/java/tachyon/master/block/BlockContainerIdGenerator.java,0,0,0,0,0,0,0,22,0,0
alluxio,8ddb29aaa7e3f8557c902550aaae605612f85369,tachyon.worker.block.meta$BlockMetaBase,alluxio/servers/src/main/java/tachyon/worker/block/meta/BlockMetaBase.java,0,0,0,0,0,0,0,75,0,0
alluxio,8ddb29aaa7e3f8557c902550aaae605612f85369,tachyon.web$WebInterfaceBrowseLogsServlet,alluxio/servers/src/main/java/tachyon/web/WebInterfaceBrowseLogsServlet.java,0,0,0,1,1,0,0,171,1,10
alluxio,8ddb29aaa7e3f8557c902550aaae605612f85369,tachyon.master.file.journal$InodeEntry,alluxio/servers/src/main/java/tachyon/master/file/journal/InodeEntry.java,0,0,0,0,0,0,0,54,0,1
alluxio,8ddb29aaa7e3f8557c902550aaae605612f85369,tachyon.master.file.options$CreateOptions,alluxio/servers/src/main/java/tachyon/master/file/options/CreateOptions.java,0,0,0,0,0,0,0,149,0,0
alluxio,8ddb29aaa7e3f8557c902550aaae605612f85369,tachyon.worker.block$BlockMetadataManager,alluxio/servers/src/main/java/tachyon/worker/block/BlockMetadataManager.java,0,0,0,0,0,0,0,391,0,28
alluxio,8ddb29aaa7e3f8557c902550aaae605612f85369,tachyon.worker.block$PinListSync,alluxio/servers/src/main/java/tachyon/worker/block/PinListSync.java,0,0,0,0,0,0,0,73,0,3
alluxio,8ddb29aaa7e3f8557c902550aaae605612f85369,tachyon.master.block.journal$BlockContainerIdGeneratorEntry,alluxio/servers/src/main/java/tachyon/master/block/journal/BlockContainerIdGeneratorEntry.java,0,0,0,0,0,0,0,22,0,0
alluxio,8ddb29aaa7e3f8557c902550aaae605612f85369,tachyon.master.file.meta$TTLBucket,alluxio/servers/src/main/java/tachyon/master/file/meta/TTLBucket.java,0,0,0,0,0,0,0,53,0,2
alluxio,8ddb29aaa7e3f8557c902550aaae605612f85369,tachyon.master.file.journal$InodeDirectoryEntry,alluxio/servers/src/main/java/tachyon/master/file/journal/InodeDirectoryEntry.java,0,0,0,0,0,0,0,48,1,2
alluxio,8ddb29aaa7e3f8557c902550aaae605612f85369,tachyon.worker.block$BlockMasterSync,alluxio/servers/src/main/java/tachyon/worker/block/BlockMasterSync.java,0,0,0,0,0,0,0,185,0,6
alluxio,8ddb29aaa7e3f8557c902550aaae605612f85369,tachyon.worker.block.evictor$EvictorUtils,alluxio/servers/src/main/java/tachyon/worker/block/evictor/EvictorUtils.java,0,0,0,0,0,0,0,87,0,15
alluxio,8ddb29aaa7e3f8557c902550aaae605612f85369,tachyon.web$WebInterfaceDownloadLocalServlet,alluxio/servers/src/main/java/tachyon/web/WebInterfaceDownloadLocalServlet.java,0,0,0,1,0,0,0,79,1,4
alluxio,8ddb29aaa7e3f8557c902550aaae605612f85369,tachyon.worker.block.evictor$LRUEvictor,alluxio/servers/src/main/java/tachyon/worker/block/evictor/LRUEvictor.java,0,0,0,0,1,0,0,63,2,3
alluxio,8ddb29aaa7e3f8557c902550aaae605612f85369,tachyon.master.rawtable.journal$UpdateMetadataEntry,alluxio/servers/src/main/java/tachyon/master/rawtable/journal/UpdateMetadataEntry.java,0,0,0,0,0,0,0,25,0,0
alluxio,8ddb29aaa7e3f8557c902550aaae605612f85369,tachyon.web$WebInterfaceDownloadServlet,alluxio/servers/src/main/java/tachyon/web/WebInterfaceDownloadServlet.java,0,0,0,0,0,0,0,90,1,5
alluxio,8ddb29aaa7e3f8557c902550aaae605612f85369,tachyon.web$WorkerUIWebServer,alluxio/servers/src/main/java/tachyon/web/WorkerUIWebServer.java,0,0,0,0,0,0,0,18,1,0
alluxio,8ddb29aaa7e3f8557c902550aaae605612f85369,tachyon.master.lineage$LineageMaster,alluxio/servers/src/main/java/tachyon/master/lineage/LineageMaster.java,0,0,0,0,0,0,0,432,1,37
alluxio,8ddb29aaa7e3f8557c902550aaae605612f85369,tachyon.web$WebInterfaceBrowseServlet,alluxio/servers/src/main/java/tachyon/web/WebInterfaceBrowseServlet.java,0,0,0,0,1,0,0,242,1,18
alluxio,8ddb29aaa7e3f8557c902550aaae605612f85369,tachyon.master.journal$JournalReader,alluxio/servers/src/main/java/tachyon/master/journal/JournalReader.java,0,0,0,0,0,0,0,97,0,5
alluxio,8ddb29aaa7e3f8557c902550aaae605612f85369,tachyon.master.file.journal$InodeLastModificationTimeEntry,alluxio/servers/src/main/java/tachyon/master/file/journal/InodeLastModificationTimeEntry.java,0,0,0,0,0,0,0,34,0,0
alluxio,8ddb29aaa7e3f8557c902550aaae605612f85369,tachyon$SessionInfo,alluxio/servers/src/main/java/tachyon/SessionInfo.java,0,0,0,0,0,0,0,51,0,2
alluxio,8ddb29aaa7e3f8557c902550aaae605612f85369,tachyon.master.file.meta$TTLBucketList,alluxio/servers/src/main/java/tachyon/master/file/meta/TTLBucketList.java,0,0,0,0,0,0,0,63,0,2
alluxio,8ddb29aaa7e3f8557c902550aaae605612f85369,tachyon.web$WebInterfaceDependencyServlet,alluxio/servers/src/main/java/tachyon/web/WebInterfaceDependencyServlet.java,0,0,0,0,2,0,0,27,1,0
alluxio,8ddb29aaa7e3f8557c902550aaae605612f85369,tachyon.master.file.journal$PersistDirectoryEntry,alluxio/servers/src/main/java/tachyon/master/file/journal/PersistDirectoryEntry.java,0,0,0,0,0,0,0,29,0,0
alluxio,8ddb29aaa7e3f8557c902550aaae605612f85369,tachyon.master.block.meta$MasterWorkerInfo,alluxio/servers/src/main/java/tachyon/master/block/meta/MasterWorkerInfo.java,0,0,0,0,3,0,0,283,0,9
alluxio,8ddb29aaa7e3f8557c902550aaae605612f85369,tachyon.master.file.journal$InodeFileEntry,alluxio/servers/src/main/java/tachyon/master/file/journal/InodeFileEntry.java,0,0,0,0,0,0,0,56,1,2
alluxio,8ddb29aaa7e3f8557c902550aaae605612f85369,tachyon.master.file.meta.options$CreatePathOptions,alluxio/servers/src/main/java/tachyon/master/file/meta/options/CreatePathOptions.java,0,0,0,0,0,0,0,157,0,0
alluxio,8ddb29aaa7e3f8557c902550aaae605612f85369,tachyon.master.file.journal$RenameEntry,alluxio/servers/src/main/java/tachyon/master/file/journal/RenameEntry.java,0,0,0,0,0,0,0,31,0,0
alluxio,8ddb29aaa7e3f8557c902550aaae605612f85369,tachyon.worker.nio$NIODataServer,alluxio/servers/src/main/java/tachyon/worker/nio/NIODataServer.java,0,0,0,0,2,0,0,271,0,13
alluxio,8ddb29aaa7e3f8557c902550aaae605612f85369,tachyon.master$MasterContext,alluxio/servers/src/main/java/tachyon/master/MasterContext.java,0,0,0,0,0,0,0,41,0,0
alluxio,8ddb29aaa7e3f8557c902550aaae605612f85369,tachyon.worker.block.evictor$EvictionPlan,alluxio/servers/src/main/java/tachyon/worker/block/evictor/EvictionPlan.java,0,0,0,0,0,0,0,41,0,0
alluxio,8ddb29aaa7e3f8557c902550aaae605612f85369,tachyon.master.journal$JsonJournalFormatter,alluxio/servers/src/main/java/tachyon/master/journal/JsonJournalFormatter.java,0,0,0,1,9,0,0,358,0,6
alluxio,8ddb29aaa7e3f8557c902550aaae605612f85369,tachyon.master.file.journal$CompleteFileEntry,alluxio/servers/src/main/java/tachyon/master/file/journal/CompleteFileEntry.java,0,0,0,0,0,0,0,43,0,0
alluxio,8ddb29aaa7e3f8557c902550aaae605612f85369,tachyon.master.file.journal$PersistFileEntry,alluxio/servers/src/main/java/tachyon/master/file/journal/PersistFileEntry.java,0,0,0,0,0,0,0,36,0,0
alluxio,8ddb29aaa7e3f8557c902550aaae605612f85369,tachyon.worker.block$ClientRWLock,alluxio/servers/src/main/java/tachyon/worker/block/ClientRWLock.java,0,0,0,0,0,0,0,58,0,0
alluxio,8ddb29aaa7e3f8557c902550aaae605612f85369,tachyon.master$MasterBase,alluxio/servers/src/main/java/tachyon/master/MasterBase.java,0,0,0,0,0,0,0,164,0,7
alluxio,8ddb29aaa7e3f8557c902550aaae605612f85369,tachyon.master.rawtable.meta$RawTables,alluxio/servers/src/main/java/tachyon/master/rawtable/meta/RawTables.java,0,0,0,0,0,0,0,103,0,3
alluxio,8ddb29aaa7e3f8557c902550aaae605612f85369,tachyon.master.block.meta$MasterBlockInfo,alluxio/servers/src/main/java/tachyon/master/block/meta/MasterBlockInfo.java,0,0,0,0,1,0,0,103,0,5
alluxio,8ddb29aaa7e3f8557c902550aaae605612f85369,tachyon.worker.block$BlockStoreMeta,alluxio/servers/src/main/java/tachyon/worker/block/BlockStoreMeta.java,0,0,0,0,5,0,0,93,0,5
alluxio,8ddb29aaa7e3f8557c902550aaae605612f85369,tachyon.master$TachyonMaster,alluxio/servers/src/main/java/tachyon/master/TachyonMaster.java,0,0,0,0,0,0,0,361,0,14
alluxio,8ddb29aaa7e3f8557c902550aaae605612f85369,tachyon.master.journal$JournalEntryType,alluxio/servers/src/main/java/tachyon/master/journal/JournalEntryType.java,0,0,0,0,0,0,0,33,1,0
alluxio,8ddb29aaa7e3f8557c902550aaae605612f85369,tachyon.web$MasterUIWebServer,alluxio/servers/src/main/java/tachyon/web/MasterUIWebServer.java,0,0,0,0,0,0,0,25,1,0
alluxio,8ddb29aaa7e3f8557c902550aaae605612f85369,tachyon.master.journal$JournalWriter,alluxio/servers/src/main/java/tachyon/master/journal/JournalWriter.java,0,0,0,0,0,0,0,311,0,20
alluxio,8ddb29aaa7e3f8557c902550aaae605612f85369,tachyon.worker.block$BlockDataManager,alluxio/servers/src/main/java/tachyon/worker/block/BlockDataManager.java,0,0,0,0,0,0,0,456,0,3
alluxio,8ddb29aaa7e3f8557c902550aaae605612f85369,tachyon.worker.block.evictor$EvictionDirCandidates,alluxio/servers/src/main/java/tachyon/worker/block/evictor/EvictionDirCandidates.java,0,0,0,0,0,0,0,63,0,3
alluxio,8ddb29aaa7e3f8557c902550aaae605612f85369,tachyon.worker.block$BlockLockType,alluxio/servers/src/main/java/tachyon/worker/block/BlockLockType.java,0,0,0,0,0,0,0,13,1,0
alluxio,8ddb29aaa7e3f8557c902550aaae605612f85369,tachyon.metrics$MetricsSystem,alluxio/servers/src/main/java/tachyon/metrics/MetricsSystem.java,0,0,0,0,0,0,0,200,0,13
alluxio,8ddb29aaa7e3f8557c902550aaae605612f85369,tachyon.worker.block$BlockStoreEventListenerBase,alluxio/servers/src/main/java/tachyon/worker/block/BlockStoreEventListenerBase.java,0,0,0,0,0,0,0,25,0,0
alluxio,8ddb29aaa7e3f8557c902550aaae605612f85369,tachyon.master.rawtable.journal$RawTableEntry,alluxio/servers/src/main/java/tachyon/master/rawtable/journal/RawTableEntry.java,0,0,0,0,0,0,0,29,0,0
alluxio,8ddb29aaa7e3f8557c902550aaae605612f85369,tachyon.master.rawtable.meta$RawTable,alluxio/servers/src/main/java/tachyon/master/rawtable/meta/RawTable.java,0,0,0,0,0,0,0,61,0,0
alluxio,8ddb29aaa7e3f8557c902550aaae605612f85369,tachyon.worker.netty$PipelineHandler,alluxio/servers/src/main/java/tachyon/worker/netty/PipelineHandler.java,0,0,0,0,0,0,0,16,1,0
alluxio,8ddb29aaa7e3f8557c902550aaae605612f85369,tachyon.worker.block$BlockMetadataManagerView,alluxio/servers/src/main/java/tachyon/worker/block/BlockMetadataManagerView.java,0,0,0,0,1,0,0,181,0,11
alluxio,8ddb29aaa7e3f8557c902550aaae605612f85369,tachyon.master.file$FileSystemMaster,alluxio/servers/src/main/java/tachyon/master/file/FileSystemMaster.java,1,0,0,0,0,0,0,1328,1,92
alluxio,8ddb29aaa7e3f8557c902550aaae605612f85369,tachyon.worker.block.meta$TempBlockMeta,alluxio/servers/src/main/java/tachyon/worker/block/meta/TempBlockMeta.java,0,0,0,0,0,0,0,48,1,0
alluxio,8ddb29aaa7e3f8557c902550aaae605612f85369,tachyon.master.block$BlockMaster,alluxio/servers/src/main/java/tachyon/master/block/BlockMaster.java,0,0,0,0,2,0,0,650,1,38
alluxio,8ddb29aaa7e3f8557c902550aaae605612f85369,tachyon.worker.netty$FileTransferType,alluxio/servers/src/main/java/tachyon/worker/netty/FileTransferType.java,0,0,0,0,0,0,0,13,1,0
alluxio,8ddb29aaa7e3f8557c902550aaae605612f85369,tachyon.worker.block$BlockHeartbeatReporter,alluxio/servers/src/main/java/tachyon/worker/block/BlockHeartbeatReporter.java,0,0,0,0,0,0,0,117,1,6
alluxio,8ddb29aaa7e3f8557c902550aaae605612f85369,tachyon.master.file.options$MkdirOptions,alluxio/servers/src/main/java/tachyon/master/file/options/MkdirOptions.java,0,0,0,0,0,0,0,105,0,0
alluxio,8ddb29aaa7e3f8557c902550aaae605612f85369,tachyon.web$WebInterfaceGeneralServlet,alluxio/servers/src/main/java/tachyon/web/WebInterfaceGeneralServlet.java,0,0,0,0,0,0,0,160,1,5
alluxio,8ddb29aaa7e3f8557c902550aaae605612f85369,tachyon.worker.block$TieredBlockStore,alluxio/servers/src/main/java/tachyon/worker/block/TieredBlockStore.java,0,0,0,1,7,0,0,825,0,44
alluxio,8ddb29aaa7e3f8557c902550aaae605612f85369,tachyon.master.block.meta$MasterBlockLocation,alluxio/servers/src/main/java/tachyon/master/block/meta/MasterBlockLocation.java,0,0,0,0,0,0,0,24,0,0
alluxio,8ddb29aaa7e3f8557c902550aaae605612f85369,tachyon.master.journal$Journal,alluxio/servers/src/main/java/tachyon/master/journal/Journal.java,0,0,0,0,0,0,0,72,0,1
alluxio,8ddb29aaa7e3f8557c902550aaae605612f85369,tachyon.master.block.journal$BlockInfoEntry,alluxio/servers/src/main/java/tachyon/master/block/journal/BlockInfoEntry.java,0,0,0,0,0,0,0,29,0,0
alluxio,8ddb29aaa7e3f8557c902550aaae605612f85369,tachyon.web$WebInterfaceConfigurationServlet,alluxio/servers/src/main/java/tachyon/web/WebInterfaceConfigurationServlet.java,0,0,0,0,0,0,0,41,1,2
alluxio,8ddb29aaa7e3f8557c902550aaae605612f85369,tachyon.web$WebInterfaceWorkersServlet,alluxio/servers/src/main/java/tachyon/web/WebInterfaceWorkersServlet.java,0,0,0,0,0,0,0,140,1,3
alluxio,8ddb29aaa7e3f8557c902550aaae605612f85369,tachyon.master.file.journal$InodeDirectoryIdGeneratorEntry,alluxio/servers/src/main/java/tachyon/master/file/journal/InodeDirectoryIdGeneratorEntry.java,0,0,0,0,0,0,0,29,0,0
alluxio,8ddb29aaa7e3f8557c902550aaae605612f85369,tachyon.worker.block.meta$StorageTier,alluxio/servers/src/main/java/tachyon/worker/block/meta/StorageTier.java,0,0,0,0,1,0,0,112,0,3
alluxio,8ddb29aaa7e3f8557c902550aaae605612f85369,tachyon$StorageDirId,alluxio/servers/src/main/java/tachyon/StorageDirId.java,0,0,0,0,0,0,0,88,0,0
alluxio,8ddb29aaa7e3f8557c902550aaae605612f85369,tachyon$Sessions,alluxio/servers/src/main/java/tachyon/Sessions.java,0,0,0,0,0,0,0,62,0,3
alluxio,8ddb29aaa7e3f8557c902550aaae605612f85369,tachyon$StorageLevelAlias,alluxio/servers/src/main/java/tachyon/StorageLevelAlias.java,0,0,0,0,0,0,0,43,1,1
alluxio,8ddb29aaa7e3f8557c902550aaae605612f85369,tachyon.web$WebInterfaceMemoryServlet,alluxio/servers/src/main/java/tachyon/web/WebInterfaceMemoryServlet.java,0,0,0,0,1,0,0,72,1,3
alluxio,8ddb29aaa7e3f8557c902550aaae605612f85369,tachyon.master.file.meta$MountTable,alluxio/servers/src/main/java/tachyon/master/file/meta/MountTable.java,0,0,0,0,0,0,0,112,0,8
alluxio,8ddb29aaa7e3f8557c902550aaae605612f85369,tachyon.worker.block$BlockStoreLocation,alluxio/servers/src/main/java/tachyon/worker/block/BlockStoreLocation.java,0,0,0,0,0,0,0,134,0,2
alluxio,8ddb29aaa7e3f8557c902550aaae605612f85369,tachyon.worker.netty$DataServerHandler,alluxio/servers/src/main/java/tachyon/worker/netty/DataServerHandler.java,0,0,0,0,0,0,0,186,1,5
alluxio,8ddb29aaa7e3f8557c902550aaae605612f85369,tachyon.master.block$BlockMasterServiceHandler,alluxio/servers/src/main/java/tachyon/master/block/BlockMasterServiceHandler.java,0,0,0,0,0,0,0,60,0,0
alluxio,8ddb29aaa7e3f8557c902550aaae605612f85369,tachyon.master.journal$ReadOnlyJournal,alluxio/servers/src/main/java/tachyon/master/journal/ReadOnlyJournal.java,0,0,0,0,0,0,0,14,1,0
alluxio,8ddb29aaa7e3f8557c902550aaae605612f85369,tachyon.worker.block.meta$StorageDirView,alluxio/servers/src/main/java/tachyon/worker/block/meta/StorageDirView.java,0,0,0,0,0,0,0,170,0,6
alluxio,8ddb29aaa7e3f8557c902550aaae605612f85369,tachyon.master.file.meta$InodeTree,alluxio/servers/src/main/java/tachyon/master/file/meta/InodeTree.java,0,0,0,0,3,0,0,619,0,42
alluxio,c5b1283b8d8561cbeab1c3bc4b63d5a9f6a74e8c,alluxio.master.file.contexts$CreateDirectoryContext,alluxio/core/server/master/src/main/java/alluxio/master/file/contexts/CreateDirectoryContext.java,0,0,0,0,0,0,0,83,2,0
alluxio,c5b1283b8d8561cbeab1c3bc4b63d5a9f6a74e8c,alluxio.master.metastore$DelegatingReadOnlyInodeStore,alluxio/core/server/master/src/main/java/alluxio/master/metastore/DelegatingReadOnlyInodeStore.java,0,0,0,0,0,0,0,76,0,0
alluxio,c5b1283b8d8561cbeab1c3bc4b63d5a9f6a74e8c,alluxio.master.file.meta$NoopUfsAbsentPathCache,alluxio/core/server/master/src/main/java/alluxio/master/file/meta/NoopUfsAbsentPathCache.java,0,0,0,0,0,0,0,24,0,0
alluxio,c5b1283b8d8561cbeab1c3bc4b63d5a9f6a74e8c,alluxio.master$ProtobufUtils,alluxio/core/server/master/src/main/java/alluxio/master/ProtobufUtils.java,0,0,0,0,0,0,0,43,0,2
alluxio,c5b1283b8d8561cbeab1c3bc4b63d5a9f6a74e8c,alluxio.master.file$SafeUfsDeleter,alluxio/core/server/master/src/main/java/alluxio/master/file/SafeUfsDeleter.java,0,0,0,0,0,0,0,91,0,12
alluxio,c5b1283b8d8561cbeab1c3bc4b63d5a9f6a74e8c,alluxio.master.file.contexts$RenameContext,alluxio/core/server/master/src/main/java/alluxio/master/file/contexts/RenameContext.java,0,0,0,0,0,0,0,60,1,0
alluxio,c5b1283b8d8561cbeab1c3bc4b63d5a9f6a74e8c,alluxio.underfs$MasterUfsManager,alluxio/core/server/master/src/main/java/alluxio/underfs/MasterUfsManager.java,0,0,0,0,0,0,0,132,1,3
alluxio,c5b1283b8d8561cbeab1c3bc4b63d5a9f6a74e8c,alluxio.master.file.meta$MountTable,alluxio/core/server/master/src/main/java/alluxio/master/file/meta/MountTable.java,0,0,0,0,1,0,0,510,0,29
alluxio,c5b1283b8d8561cbeab1c3bc4b63d5a9f6a74e8c,alluxio.master.metastore.heap$HeapInodeStore,alluxio/core/server/master/src/main/java/alluxio/master/metastore/heap/HeapInodeStore.java,0,0,0,0,2,0,0,92,0,0
alluxio,c5b1283b8d8561cbeab1c3bc4b63d5a9f6a74e8c,alluxio.master.file$LostFileDetector,alluxio/core/server/master/src/main/java/alluxio/master/file/LostFileDetector.java,0,0,0,0,0,0,0,39,0,2
alluxio,c5b1283b8d8561cbeab1c3bc4b63d5a9f6a74e8c,alluxio.master.metastore.rocks$RocksUtils,alluxio/core/server/master/src/main/java/alluxio/master/metastore/rocks/RocksUtils.java,0,0,0,0,0,0,0,61,0,3
alluxio,c5b1283b8d8561cbeab1c3bc4b63d5a9f6a74e8c,alluxio.master.file.meta$InodePathPair,alluxio/core/server/master/src/main/java/alluxio/master/file/meta/InodePathPair.java,0,0,0,0,0,0,0,22,1,0
alluxio,c5b1283b8d8561cbeab1c3bc4b63d5a9f6a74e8c,alluxio.master.file.contexts$SetAttributeContext,alluxio/core/server/master/src/main/java/alluxio/master/file/contexts/SetAttributeContext.java,0,0,0,0,0,0,0,81,1,0
alluxio,c5b1283b8d8561cbeab1c3bc4b63d5a9f6a74e8c,alluxio.master.file.meta$AsyncUfsAbsentPathCache,alluxio/core/server/master/src/main/java/alluxio/master/file/meta/AsyncUfsAbsentPathCache.java,0,0,0,0,1,0,0,280,0,19
alluxio,c5b1283b8d8561cbeab1c3bc4b63d5a9f6a74e8c,alluxio.master.block$BlockMasterFactory,alluxio/core/server/master/src/main/java/alluxio/master/block/BlockMasterFactory.java,0,0,0,0,0,0,0,26,0,0
alluxio,c5b1283b8d8561cbeab1c3bc4b63d5a9f6a74e8c,alluxio.master.file.contexts$FreeContext,alluxio/core/server/master/src/main/java/alluxio/master/file/contexts/FreeContext.java,0,0,0,0,0,0,0,38,1,0
alluxio,c5b1283b8d8561cbeab1c3bc4b63d5a9f6a74e8c,alluxio.master.file.contexts$CreateFileContext,alluxio/core/server/master/src/main/java/alluxio/master/file/contexts/CreateFileContext.java,0,0,0,0,0,0,0,63,2,0
alluxio,c5b1283b8d8561cbeab1c3bc4b63d5a9f6a74e8c,alluxio.master.file$InodeTtlChecker,alluxio/core/server/master/src/main/java/alluxio/master/file/InodeTtlChecker.java,0,0,0,0,0,0,0,83,0,5
alluxio,c5b1283b8d8561cbeab1c3bc4b63d5a9f6a74e8c,alluxio.master.metastore.caching$CacheConfiguration,alluxio/core/server/master/src/main/java/alluxio/master/metastore/caching/CacheConfiguration.java,0,0,0,0,0,0,0,100,0,0
alluxio,c5b1283b8d8561cbeab1c3bc4b63d5a9f6a74e8c,alluxio.master.file.contexts$SetAclContext,alluxio/core/server/master/src/main/java/alluxio/master/file/contexts/SetAclContext.java,0,0,0,0,0,0,0,38,1,0
alluxio,c5b1283b8d8561cbeab1c3bc4b63d5a9f6a74e8c,alluxio.master.file.activesync$ActiveSyncManager,alluxio/core/server/master/src/main/java/alluxio/master/file/activesync/ActiveSyncManager.java,0,0,0,4,0,0,0,581,0,38
alluxio,c5b1283b8d8561cbeab1c3bc4b63d5a9f6a74e8c,alluxio.master.file.contexts$WorkerHeartbeatContext,alluxio/core/server/master/src/main/java/alluxio/master/file/contexts/WorkerHeartbeatContext.java,0,0,0,0,0,0,0,39,1,0
alluxio,c5b1283b8d8561cbeab1c3bc4b63d5a9f6a74e8c,alluxio.master.file.meta$InodeDirectory,alluxio/core/server/master/src/main/java/alluxio/master/file/meta/InodeDirectory.java,0,0,0,0,0,0,0,25,1,0
alluxio,c5b1283b8d8561cbeab1c3bc4b63d5a9f6a74e8c,alluxio.master.block.meta$MasterBlockLocation,alluxio/core/server/master/src/main/java/alluxio/master/block/meta/MasterBlockLocation.java,0,0,0,0,0,0,0,56,0,2
alluxio,c5b1283b8d8561cbeab1c3bc4b63d5a9f6a74e8c,alluxio.master.file$FileSystemMasterAuditContext,alluxio/core/server/master/src/main/java/alluxio/master/file/FileSystemMasterAuditContext.java,0,0,0,0,0,0,0,136,0,2
alluxio,c5b1283b8d8561cbeab1c3bc4b63d5a9f6a74e8c,alluxio.master.file.meta$UfsSyncPathCache,alluxio/core/server/master/src/main/java/alluxio/master/file/meta/UfsSyncPathCache.java,0,0,0,0,0,0,0,47,0,3
alluxio,c5b1283b8d8561cbeab1c3bc4b63d5a9f6a74e8c,alluxio.master.file$PersistJob,alluxio/core/server/master/src/main/java/alluxio/master/file/PersistJob.java,0,0,0,0,0,0,0,119,0,2
alluxio,c5b1283b8d8561cbeab1c3bc4b63d5a9f6a74e8c,alluxio.master.file.contexts$CompleteFileContext,alluxio/core/server/master/src/main/java/alluxio/master/file/contexts/CompleteFileContext.java,0,0,0,0,0,0,0,81,1,0
alluxio,c5b1283b8d8561cbeab1c3bc4b63d5a9f6a74e8c,alluxio.master.file.contexts$MountContext,alluxio/core/server/master/src/main/java/alluxio/master/file/contexts/MountContext.java,0,0,0,0,0,0,0,38,1,0
alluxio,c5b1283b8d8561cbeab1c3bc4b63d5a9f6a74e8c,alluxio.master.file.meta$InodeTreePersistentState,alluxio/core/server/master/src/main/java/alluxio/master/file/meta/InodeTreePersistentState.java,0,0,0,0,2,0,0,573,0,46
alluxio,c5b1283b8d8561cbeab1c3bc4b63d5a9f6a74e8c,alluxio.master$AlluxioMasterProcess,alluxio/core/server/master/src/main/java/alluxio/master/AlluxioMasterProcess.java,0,0,0,0,0,0,0,314,1,15
alluxio,c5b1283b8d8561cbeab1c3bc4b63d5a9f6a74e8c,alluxio.master$DefaultSafeModeManager,alluxio/core/server/master/src/main/java/alluxio/master/DefaultSafeModeManager.java,0,0,0,0,0,0,0,66,0,4
alluxio,c5b1283b8d8561cbeab1c3bc4b63d5a9f6a74e8c,alluxio.master.file.meta$InodeTree,alluxio/core/server/master/src/main/java/alluxio/master/file/meta/InodeTree.java,0,0,0,0,1,0,0,1062,0,61
alluxio,c5b1283b8d8561cbeab1c3bc4b63d5a9f6a74e8c,alluxio.master.file.contexts$OperationContext,alluxio/core/server/master/src/main/java/alluxio/master/file/contexts/OperationContext.java,0,0,0,0,0,0,0,19,0,0
alluxio,c5b1283b8d8561cbeab1c3bc4b63d5a9f6a74e8c,alluxio.master.meta$AlluxioMasterRestServiceHandler,alluxio/core/server/master/src/main/java/alluxio/master/meta/AlluxioMasterRestServiceHandler.java,0,0,0,3,16,0,0,1217,0,57
alluxio,c5b1283b8d8561cbeab1c3bc4b63d5a9f6a74e8c,alluxio.master.file.contexts$GetStatusContext,alluxio/core/server/master/src/main/java/alluxio/master/file/contexts/GetStatusContext.java,0,0,0,0,0,0,0,37,1,0
alluxio,c5b1283b8d8561cbeab1c3bc4b63d5a9f6a74e8c,alluxio.master.file$FileSystemMasterFactory,alluxio/core/server/master/src/main/java/alluxio/master/file/FileSystemMasterFactory.java,0,0,0,0,0,0,0,26,0,0
alluxio,c5b1283b8d8561cbeab1c3bc4b63d5a9f6a74e8c,alluxio.master.file.state$DirectoryId,alluxio/core/server/master/src/main/java/alluxio/master/file/state/DirectoryId.java,0,0,0,0,0,0,0,72,0,0
alluxio,c5b1283b8d8561cbeab1c3bc4b63d5a9f6a74e8c,alluxio.master.file.async$DefaultAsyncPersistHandler,alluxio/core/server/master/src/main/java/alluxio/master/file/async/DefaultAsyncPersistHandler.java,0,0,1,0,1,0,0,148,0,13
alluxio,c5b1283b8d8561cbeab1c3bc4b63d5a9f6a74e8c,alluxio.master.file.meta$Edge,alluxio/core/server/master/src/main/java/alluxio/master/file/meta/Edge.java,0,0,0,0,0,0,0,49,0,2
alluxio,c5b1283b8d8561cbeab1c3bc4b63d5a9f6a74e8c,alluxio.master.block$DefaultBlockMaster,alluxio/core/server/master/src/main/java/alluxio/master/block/DefaultBlockMaster.java,0,0,0,0,2,0,2,1037,2,77
alluxio,c5b1283b8d8561cbeab1c3bc4b63d5a9f6a74e8c,alluxio.master$CoreMasterContext,alluxio/core/server/master/src/main/java/alluxio/master/CoreMasterContext.java,0,0,0,0,0,0,0,152,1,0
alluxio,c5b1283b8d8561cbeab1c3bc4b63d5a9f6a74e8c,alluxio.master.file.meta$MutableInodeFile,alluxio/core/server/master/src/main/java/alluxio/master/file/meta/MutableInodeFile.java,0,0,0,0,0,0,0,459,1,11
alluxio,c5b1283b8d8561cbeab1c3bc4b63d5a9f6a74e8c,alluxio.master.block.meta$MasterWorkerInfo,alluxio/core/server/master/src/main/java/alluxio/master/block/meta/MasterWorkerInfo.java,0,0,0,0,1,0,0,356,0,13
alluxio,c5b1283b8d8561cbeab1c3bc4b63d5a9f6a74e8c,alluxio.master.file.meta$FileSystemMasterView,alluxio/core/server/master/src/main/java/alluxio/master/file/meta/FileSystemMasterView.java,0,0,0,0,0,0,0,88,0,0
alluxio,c5b1283b8d8561cbeab1c3bc4b63d5a9f6a74e8c,alluxio.master.file.contexts$CreatePathContext,alluxio/core/server/master/src/main/java/alluxio/master/file/contexts/CreatePathContext.java,0,0,0,0,1,0,0,241,1,5
alluxio,c5b1283b8d8561cbeab1c3bc4b63d5a9f6a74e8c,alluxio.master$CoreMaster,alluxio/core/server/master/src/main/java/alluxio/master/CoreMaster.java,0,0,0,0,0,0,0,19,1,0
alluxio,c5b1283b8d8561cbeab1c3bc4b63d5a9f6a74e8c,alluxio.master.file.meta$LockedInodePath,alluxio/core/server/master/src/main/java/alluxio/master/file/meta/LockedInodePath.java,0,0,0,0,0,0,0,518,0,40
alluxio,c5b1283b8d8561cbeab1c3bc4b63d5a9f6a74e8c,alluxio.master.meta.checkconf$ServerConfigurationStore,alluxio/core/server/master/src/main/java/alluxio/master/meta/checkconf/ServerConfigurationStore.java,0,0,0,0,0,0,0,110,0,6
alluxio,c5b1283b8d8561cbeab1c3bc4b63d5a9f6a74e8c,alluxio.master.file$NoopUfsDeleter,alluxio/core/server/master/src/main/java/alluxio/master/file/NoopUfsDeleter.java,0,0,0,0,0,0,0,7,0,0
alluxio,c5b1283b8d8561cbeab1c3bc4b63d5a9f6a74e8c,alluxio.master.file.meta$TtlBucketList,alluxio/core/server/master/src/main/java/alluxio/master/file/meta/TtlBucketList.java,0,0,0,0,0,0,0,119,0,7
alluxio,c5b1283b8d8561cbeab1c3bc4b63d5a9f6a74e8c,alluxio.master.file.meta$MutableInodeDirectory,alluxio/core/server/master/src/main/java/alluxio/master/file/meta/MutableInodeDirectory.java,0,0,0,0,0,0,0,249,1,5
alluxio,c5b1283b8d8561cbeab1c3bc4b63d5a9f6a74e8c,alluxio.master.file$BlockIntegrityChecker,alluxio/core/server/master/src/main/java/alluxio/master/file/BlockIntegrityChecker.java,0,0,0,0,0,0,0,30,0,0
alluxio,c5b1283b8d8561cbeab1c3bc4b63d5a9f6a74e8c,alluxio.master.file$DefaultFileSystemMaster,alluxio/core/server/master/src/main/java/alluxio/master/file/DefaultFileSystemMaster.java,0,0,0,1,1,2,0,4262,2,279
alluxio,c5b1283b8d8561cbeab1c3bc4b63d5a9f6a74e8c,alluxio.master.file.meta$Inode,alluxio/core/server/master/src/main/java/alluxio/master/file/meta/Inode.java,0,0,0,0,0,0,0,193,0,5
alluxio,c5b1283b8d8561cbeab1c3bc4b63d5a9f6a74e8c,alluxio.master.block.meta$MasterBlockInfo,alluxio/core/server/master/src/main/java/alluxio/master/block/meta/MasterBlockInfo.java,0,0,0,0,1,0,0,121,0,5
alluxio,c5b1283b8d8561cbeab1c3bc4b63d5a9f6a74e8c,alluxio.master.file.meta$InodeLockManager,alluxio/core/server/master/src/main/java/alluxio/master/file/meta/InodeLockManager.java,0,0,0,0,0,0,0,140,0,1
alluxio,c5b1283b8d8561cbeab1c3bc4b63d5a9f6a74e8c,alluxio.master.meta.checkconf$ConfigRecord,alluxio/core/server/master/src/main/java/alluxio/master/meta/checkconf/ConfigRecord.java,0,0,0,0,0,0,0,70,0,0
alluxio,c5b1283b8d8561cbeab1c3bc4b63d5a9f6a74e8c,alluxio.master.metrics$DefaultMetricsMaster,alluxio/core/server/master/src/main/java/alluxio/master/metrics/DefaultMetricsMaster.java,0,0,0,0,2,0,0,180,2,6
alluxio,c5b1283b8d8561cbeab1c3bc4b63d5a9f6a74e8c,alluxio.master.file.meta$MutableInode,alluxio/core/server/master/src/main/java/alluxio/master/file/meta/MutableInode.java,0,0,0,0,0,0,0,550,0,35
alluxio,c5b1283b8d8561cbeab1c3bc4b63d5a9f6a74e8c,alluxio.master.file.meta$LazyUfsBlockLocationCache,alluxio/core/server/master/src/main/java/alluxio/master/file/meta/LazyUfsBlockLocationCache.java,0,0,0,0,0,0,0,54,0,2
alluxio,c5b1283b8d8561cbeab1c3bc4b63d5a9f6a74e8c,alluxio.master.file.meta$EdgeEntry,alluxio/core/server/master/src/main/java/alluxio/master/file/meta/EdgeEntry.java,0,0,0,0,0,0,0,36,0,0
alluxio,c5b1283b8d8561cbeab1c3bc4b63d5a9f6a74e8c,alluxio.master.metastore.caching$Cache,alluxio/core/server/master/src/main/java/alluxio/master/metastore/caching/Cache.java,0,5,0,0,1,3,0,378,0,26
alluxio,c5b1283b8d8561cbeab1c3bc4b63d5a9f6a74e8c,alluxio.master.metastore.rocks$RocksInodeStore,alluxio/core/server/master/src/main/java/alluxio/master/metastore/rocks/RocksInodeStore.java,1,0,0,1,0,0,0,337,0,8
alluxio,c5b1283b8d8561cbeab1c3bc4b63d5a9f6a74e8c,alluxio.master.block$BlockContainerIdGenerator,alluxio/core/server/master/src/main/java/alluxio/master/block/BlockContainerIdGenerator.java,0,0,0,0,0,0,0,22,0,0
alluxio,c5b1283b8d8561cbeab1c3bc4b63d5a9f6a74e8c,alluxio.master.file$DefaultPermissionChecker,alluxio/core/server/master/src/main/java/alluxio/master/file/DefaultPermissionChecker.java,0,0,0,0,0,0,0,270,0,20
alluxio,c5b1283b8d8561cbeab1c3bc4b63d5a9f6a74e8c,alluxio.master.metastore.caching$CachingInodeStore,alluxio/core/server/master/src/main/java/alluxio/master/metastore/caching/CachingInodeStore.java,1,0,0,0,6,0,0,694,0,50
alluxio,c5b1283b8d8561cbeab1c3bc4b63d5a9f6a74e8c,alluxio.master.metastore.heap$HeapBlockStore,alluxio/core/server/master/src/main/java/alluxio/master/metastore/heap/HeapBlockStore.java,0,0,0,0,1,0,0,66,0,1
alluxio,c5b1283b8d8561cbeab1c3bc4b63d5a9f6a74e8c,alluxio.master.file.meta$TtlBucket,alluxio/core/server/master/src/main/java/alluxio/master/file/meta/TtlBucket.java,0,0,0,0,0,0,0,118,0,2
alluxio,c5b1283b8d8561cbeab1c3bc4b63d5a9f6a74e8c,alluxio.master.metrics$MetricsStore,alluxio/core/server/master/src/main/java/alluxio/master/metrics/MetricsStore.java,0,0,0,0,0,0,0,145,0,11
alluxio,c5b1283b8d8561cbeab1c3bc4b63d5a9f6a74e8c,alluxio.master.meta$DailyMetadataBackup,alluxio/core/server/master/src/main/java/alluxio/master/meta/DailyMetadataBackup.java,0,7,0,0,0,2,0,140,0,10
alluxio,c5b1283b8d8561cbeab1c3bc4b63d5a9f6a74e8c,alluxio.master.file.contexts$DeleteContext,alluxio/core/server/master/src/main/java/alluxio/master/file/contexts/DeleteContext.java,0,0,0,0,0,0,0,38,1,0
alluxio,c5b1283b8d8561cbeab1c3bc4b63d5a9f6a74e8c,alluxio.master.file.meta$CompositeInodeLockList,alluxio/core/server/master/src/main/java/alluxio/master/file/meta/CompositeInodeLockList.java,0,0,0,0,0,0,0,52,1,2
alluxio,c5b1283b8d8561cbeab1c3bc4b63d5a9f6a74e8c,alluxio.master.metrics$MetricsMasterFactory,alluxio/core/server/master/src/main/java/alluxio/master/metrics/MetricsMasterFactory.java,0,0,0,0,0,0,0,25,0,0
alluxio,c5b1283b8d8561cbeab1c3bc4b63d5a9f6a74e8c,alluxio.master.file.meta$LockingScheme,alluxio/core/server/master/src/main/java/alluxio/master/file/meta/LockingScheme.java,0,0,0,0,0,0,0,49,0,1
alluxio,c5b1283b8d8561cbeab1c3bc4b63d5a9f6a74e8c,alluxio.master.file.meta.options$MountInfo,alluxio/core/server/master/src/main/java/alluxio/master/file/meta/options/MountInfo.java,0,0,0,0,0,0,0,81,0,2
alluxio,c5b1283b8d8561cbeab1c3bc4b63d5a9f6a74e8c,alluxio.master.file$UfsSyncChecker,alluxio/core/server/master/src/main/java/alluxio/master/file/UfsSyncChecker.java,0,0,0,0,0,0,0,143,0,13
alluxio,c5b1283b8d8561cbeab1c3bc4b63d5a9f6a74e8c,alluxio.master.file$DefaultBlockDeletionContext,alluxio/core/server/master/src/main/java/alluxio/master/file/DefaultBlockDeletionContext.java,0,0,0,1,0,0,0,43,0,3
alluxio,c5b1283b8d8561cbeab1c3bc4b63d5a9f6a74e8c,alluxio.master.meta.checkconf$ServerConfigurationChecker,alluxio/core/server/master/src/main/java/alluxio/master/meta/checkconf/ServerConfigurationChecker.java,0,0,0,0,1,0,0,147,0,10
alluxio,c5b1283b8d8561cbeab1c3bc4b63d5a9f6a74e8c,alluxio.master.file.meta$InodeLockList,alluxio/core/server/master/src/main/java/alluxio/master/file/meta/InodeLockList.java,0,0,0,0,0,0,0,335,0,1
alluxio,c5b1283b8d8561cbeab1c3bc4b63d5a9f6a74e8c,alluxio.master.file.contexts$ListStatusContext,alluxio/core/server/master/src/main/java/alluxio/master/file/contexts/ListStatusContext.java,0,0,0,0,0,0,0,38,1,0
alluxio,c5b1283b8d8561cbeab1c3bc4b63d5a9f6a74e8c,alluxio.master.file.contexts$LoadMetadataContext,alluxio/core/server/master/src/main/java/alluxio/master/file/contexts/LoadMetadataContext.java,0,0,0,0,0,0,0,59,1,0
alluxio,c5b1283b8d8561cbeab1c3bc4b63d5a9f6a74e8c,alluxio.master.file$RpcContext,alluxio/core/server/master/src/main/java/alluxio/master/file/RpcContext.java,0,0,0,0,0,0,0,78,0,3
alluxio,c5b1283b8d8561cbeab1c3bc4b63d5a9f6a74e8c,alluxio.master.file.meta$InodeDirectoryIdGenerator,alluxio/core/server/master/src/main/java/alluxio/master/file/meta/InodeDirectoryIdGenerator.java,0,0,0,0,0,0,0,106,0,3
alluxio,c5b1283b8d8561cbeab1c3bc4b63d5a9f6a74e8c,alluxio.master.file.replication$ReplicationChecker,alluxio/core/server/master/src/main/java/alluxio/master/file/replication/ReplicationChecker.java,0,0,0,0,0,0,0,184,0,9
alluxio,c5b1283b8d8561cbeab1c3bc4b63d5a9f6a74e8c,alluxio.master.file$FileSystemMasterOptions,alluxio/core/server/master/src/main/java/alluxio/master/file/FileSystemMasterOptions.java,0,0,0,0,0,0,0,166,0,0
alluxio,c5b1283b8d8561cbeab1c3bc4b63d5a9f6a74e8c,alluxio.master.file.meta$InodeFile,alluxio/core/server/master/src/main/java/alluxio/master/file/meta/InodeFile.java,0,0,0,0,0,0,0,70,1,0
alluxio,c5b1283b8d8561cbeab1c3bc4b63d5a9f6a74e8c,alluxio.master.file$NoopBlockDeletionContext,alluxio/core/server/master/src/main/java/alluxio/master/file/NoopBlockDeletionContext.java,0,0,0,0,0,0,0,12,0,0
