Name	Commit		GitHub URL	Parent commit	Test Name	Date	Modyfing	Comments	Categories Guillaume	Categories Adriano	Categories final decision	Module suspected to be flaky	Line rank	Method rank	Class rank	Class rank (worst case)	Within the top x% (churn)  	top x% (# of developers)  	top x% (age)  		#Tests	#Classes	#CoveredClasses	#CoveredClassesByFlakyTests
apache/pulsar	1bf3c5b8d37c29bfecb8dbd6cfec82369619518e		https://github.com/apache/pulsar/commit/1bf3c5b8d37c29bfecb8dbd6cfec82369619518e		testUpdateDynamicLocalConfiguration	27 February 2018	Test and Config	Commit found in PR				Broker/Admin												
apache/pulsar	66e687d8fc8e6faaf025ecc1241b53cd8d61a536		https://github.com/apache/pulsar/commit/66e687d8fc8e6faaf025ecc1241b53cd8d61a536		testClusterMsgByteRateLimitingClusterConfig	28 February 2018	Test	Commit found in PR				Client/API												
apache/pulsar	b22769bb57defe435cc4faedcbebe1d3260cdee4		https://github.com/apache/pulsar/commit/b22769bb57defe435cc4faedcbebe1d3260cdee4		ManagedLedgerBkTest.managedLedgerClosed	10 April 2018	Code																	
apache/pulsar	2d621ae7f3ffaef784d231bf546579830137871d		https://github.com/apache/pulsar/commit/2d621ae7f3ffaef784d231bf546579830137871d	f20364480fdae02a404244202b493699ada42fb1	!! Revert	22 April 2018	Code	1																
apache/pulsar	0355b1449039bed2a3094a3968d04be8ae67b0ff		https://github.com/apache/pulsar/commit/0355b1449039bed2a3094a3968d04be8ae67b0ff	481f69eae0ca74f99f358389058b439986bf24e6	PersistentFailoverE2ETest.testSimpleConsumerEventsWithoutPartition	21 May 2018	Test and Code		Concurrency	Concurrency	Concurrency	PersistentDispatcherSingleActiveConsumer		110	10		11.1	5.1	31.6		194	3662	183	56
apache/pulsar	a183d080963553ce8dbef447959a93c13415551e		https://github.com/apache/pulsar/commit/a183d080963553ce8dbef447959a93c13415551e	4e7748b6f320cde28da0cf34b00ed89955b46bfe	org.apache.pulsar.broker.s3offload.S3ManagedLedgerOffloaderTest#testOffloadFailPutIndexBlock	24 May 2018	Code		Concurrency	Concurency	Concurrency	S3ManagedLedgerOffloader	1		1						243	26279	229	2
apache/pulsar	22f1d7d1bea3a0f8746694be824081ed06ef9912		https://github.com/apache/pulsar/commit/22f1d7d1bea3a0f8746694be824081ed06ef9912	9db3a786bb97e6743457226972bca06d16800a94	org.apache.pulsar.broker.service.PersistentFailoverE2ETest#testSimpleConsumerEventsWithoutPartition	27 June 2019	Test and Code		Network / Unordered collections	Unordered collections	Network / Unordered collections	AbstractDispatcherSingleActiveConsumer, PersistentSubscription	44	10	1		44.7, 5.9	34.1, 9.2	52.6, 17.8		696	18029	151	57
apache/pulsar	e5b66dbaee771e2196eaa90dc7cc97f798c2336f		https://github.com/apache/pulsar/commit/e5b66dbaee771e2196eaa90dc7cc97f798c2336f	84bece01559f417bc12e3300262818815c6c7ab3	testEnableSchemaValidationEnforcedHasSchemaMismatch, testSetPersistencepolicies, testClusterIsReadyBeforeCreateTopic, testSetPersistencepolicies, testProtobufSerializationNull, 	6 January 2020	Test and Code	4				Broker/Admin												
apache/pulsar	d3c0ccb17f282e8063173a50ee825efa280d4f92		https://github.com/apache/pulsar/commit/d3c0ccb17f282e8063173a50ee825efa280d4f92	ef2a4bd120aa7b843112557260033e50bf67ceb9	?	19 September 2020	Code	1				Common/util												
apache/pulsar	98bd0c2d1c17adb0a6308171254e5316336be42d		https://github.com/apache/pulsar/commit/98bd0c2d1c17adb0a6308171254e5316336be42d	82ae38e	InactiveTopicDeleteTest.testTopicLevelInActiveTopicApi, InactiveTopicDeleteTest .testTopicLevelInactivePolicyUpdateAndClean	28 October 2020	Test and Code		Async wait	Async wait	Async wait	SystemTopicBasedTopicPoliciesService, TopicPoliciesService			3		61.9, 79.4	52.9, 74.1	14.8, 36.5		1007	316	177	113
apache/pulsar	85f3ff4edbaa10c7894af8ad823cbce37b13829c		https://github.com/apache/pulsar/commit/85f3ff4edbaa10c7894af8ad823cbce37b13829c	e7c7e2e3147a0a7498142eb6a64a7123cc497e6d	TopicReaderTest.testHasMessageAvailable	3 December 2020	Test and Code		Hard to classify		Hard to classify	ServerCnx			1		1.8	1.8	6		507	4444	166	58
apache/pulsar	21f6dcdda406423f1bcfe4761831b7297d659fd1		https://github.com/apache/pulsar/commit/21f6dcdda406423f1bcfe4761831b7297d659fd1		?	8 December 2020	Test and Code	2				Broker/Admin												
apache/pulsar	19e6546a3d86169b75b122b2a4b4d1884133a4f3		https://github.com/apache/pulsar/commit/19e6546a3d86169b75b122b2a4b4d1884133a4f3	9335c491	MessageIdTest.testChecksumVersionComptability, MessageIdTest.testChecksumReconnection	25 January 2021	Test and Code		Async wait	Async wait	Async wait	EnumValuesDataProvider,ServerCnx,TlsProducerConsumerBase, KeyStoreTlsProducerConsumerTestWithAuth,KeyStoreTlsProducerConsumerTestWithoutAuth,ClientCnx, PartitionedProducerImpl, ProducerImpl, PulsarClientImpl, PulsarHandler, ServerConnection, ProxyConnection	2	2	2		1.8	2.4	8.4		222	4562	165	120
apache/pulsar	24f759c677bfe7cbb2228cab8a38f2ebd0893945		https://github.com/apache/pulsar/commit/24f759c677bfe7cbb2228cab8a38f2ebd0893945	4cea22b5c73af66915d1deb480311ba94eebc637	DiscoveryServiceTest.testBrokerDiscoveryRoundRobin	28 January 2021	Test and Code		Async wait	Async wait	Async wait	BrokerDiscoveryProvider	1	1	1		58.9	69	73.6		453	13630	146	5
apache/pulsar	610b17d6433b0894a541421841b525741f8d5d40		https://github.com/apache/pulsar/commit/610b17d6433b0894a541421841b525741f8d5d40	fcb2bb6ea46531f3673400e088e5bf68325fad61	AntiAffinityNamespaceGroupTest.testBrokerSelectionForAntiAffinityGroup	11 February 2021	Test and Code		Async wait	Concurency	Concurrency	GenericBrokerHostUsageImpl,LinuxBrokerHostUsageImpl			63	48					584	350	198	77
apache/pulsar	b2796f39785dde2178f1882638aea2feae70211c		https://github.com/apache/pulsar/commit/b2796f39785dde2178f1882638aea2feae70211c	36b44c34ceb159b5ac9d6b8b744c24dead63731f	AuthorizationTest.simple	5 March 2021	Code		Hard to classify		Hard to classify	PersistentTopicsBase,AuthPolicies			8		1.6	1.6	2		1326	30289	87	87
apache/pulsar	3ce9a3833e4c1bff8d6f185bc7f02f4e61d2af21		https://github.com/apache/pulsar/commit/3ce9a3833e4c1bff8d6f185bc7f02f4e61d2af21	fa68cb20	StreamingEntryReaderTests.testCanReadEntryFromMLedgerSizeExceededLimit	16 March 2021	Test and Code	4				StreamingEntryReader					100	100	36.5					
apache/pulsar	46cfd8e55ee159b74b3d8c823cb78eaeb9eb88ee		https://github.com/apache/pulsar/commit/46cfd8e55ee159b74b3d8c823cb78eaeb9eb88ee	71cd67f104e4f4efd7d682eec6e3e4a7b8927402	testReadMessageWithoutBatchingWithMessageInclusive, testReadMessageWithBatchingWithMessageInclusive	23 April 2021	Test and Code	6				Client												
apache/pulsar	c4e1b8b03deca8b99dccc0022bde8f83cd572db4		https://github.com/apache/pulsar/commit/c4e1b8b03deca8b99dccc0022bde8f83cd572db4	4e1e06a6c9fd3f14d516f27df75c51e967bc8a6a	TransactionEndToEndTest.cleanup / ManagedLedgerFactoryImpl.shutdown	25 April 2021	Code	3																
apache/pulsar	b71bc6510f24541ccb0585d8cd8ebfbd84a336bd		https://github.com/apache/pulsar/commit/b71bc6510f24541ccb0585d8cd8ebfbd84a336bd	0b67438d23bbbc46b500e896a18aad715a514fd9	ServerCnxTest .testDuplicateConcurrentSubscribeCommand	25 June 2021	Test and Code		Async wait	Concurency 	Concurrency	ServerCnx	1	1	1		1.4	1.1	8.3		1028	33698	280	18
apache/pulsar	77db87e0ce92fbe0bacea097b49d61f7463f4947		https://github.com/apache/pulsar/commit/77db87e0ce92fbe0bacea097b49d61f7463f4947	75a7b3473d87ac67f8c225ee5ff7deffef79890b	testSubscribeTimeout	6 July 2021	Test and Code	5																
apache/pulsar	4919a82cef71232a174799415ed12c1c6155600a		https://github.com/apache/pulsar/commit/4919a82cef71232a174799415ed12c1c6155600a		-	8 August 2021	Test and Code	6																
apache/pulsar	3c53aae5ca7c89044c1a9f32ae3ede11381e405a		https://github.com/apache/pulsar/commit/3c53aae5ca7c89044c1a9f32ae3ede11381e405a		ReplicatorTest.testRemoveClusterFromNamespace	7 September 2021	Test	5																
																								
Alluxio/alluxio	2c56121eb0cff82f38bce021ee0e772d594fe710		https://github.com/Alluxio/alluxio/commit/2c56121eb0cff82f38bce021ee0e772d594fe710	8500557			Test and Code	1																
Alluxio/alluxio	b08c047125407581144689e67942997a0f3fee30		https://github.com/Alluxio/alluxio/commit/b08c047125407581144689e67942997a0f3fee30				Test and Code	1																
Alluxio/alluxio	a7d6bea3ccb53644e6a9131be25e6a369941918b		https://github.com/Alluxio/alluxio/commit/a7d6bea3ccb53644e6a9131be25e6a369941918b		alluxio.master.file.PermissionCheckTest		Test and Code	4																
Alluxio/alluxio	c292bf85eddfe2d9ee608f14bfc2c980701dd494		https://github.com/Alluxio/alluxio/commit/c292bf85eddfe2d9ee608f14bfc2c980701dd494	b30c729	alluxio.proxy.FileSystemClientRestApiTest#*		Code	Near miss as the first method is in the AlluxioProxyProcess module	Async wait	Async wait	Async wait	AlluxioProxyProcess		232	59		75.6	100	24.9		694	860	183	90
Alluxio/alluxio	8ddb29aaa7e3f8557c902550aaae605612f85369		https://github.com/Alluxio/alluxio/commit/8ddb29aaa7e3f8557c902550aaae605612f85369	cc54a405bf5e3b4589638f64ad17543dc7b71d56	tachyon.master.file.FileSystemMasterIntegrationTest		Test and Code		Time	Time	Time	FileSystemMaster		366	14		3.4	5	0.8		315	159	107	85
Alluxio/alluxio	6d233e9e5d061b036e52aa94d9ef7cbb7ebc8ad5		https://github.com/Alluxio/alluxio/commit/6d233e9e5d061b036e52aa94d9ef7cbb7ebc8ad5				Test and Code	1																
Alluxio/alluxio	c5b1283b8d8561cbeab1c3bc4b63d5a9f6a74e8c		https://github.com/Alluxio/alluxio/commit/c5b1283b8d8561cbeab1c3bc4b63d5a9f6a74e8c	b5ad695b7b6072eeb190994d6fac16f57d27374c	CachingInodeStoreTest#*, InodeStoreTest#*		Test and Code		Concurrency	Concurency	Concurrency	RocksInodeStore,CachingInodeStore		29	1						409	143	88	19
Alluxio/alluxio	257da5887ffe441bbd4e742765a5f229b556d5e8		https://github.com/Alluxio/alluxio/commit/257da5887ffe441bbd4e742765a5f229b556d5e8				Code	1																
Alluxio/alluxio	d1b48938d9b8b1206333dabda1afac06ce0170cd		https://github.com/Alluxio/alluxio/commit/d1b48938d9b8b1206333dabda1afac06ce0170cd				Code	1																
Alluxio/alluxio	f69a519d64031935fc46ceffb8442e83f75859e9		https://github.com/Alluxio/alluxio/commit/f69a519d64031935fc46ceffb8442e83f75859e9				Test and Code	4																
Alluxio/alluxio	78d98fda1135e544fbf18d6882edc031043844eb		https://github.com/Alluxio/alluxio/commit/78d98fda1135e544fbf18d6882edc031043844eb				Code	1																
																								
apache/hbase	a5b86dd77ad2866b0ab3c1774738ecb15e8719c7		https://github.com/apache/hbase/commit/a5b86dd77ad2866b0ab3c1774738ecb15e8719c7	380083e7d3d9864cacd41a4297914d6789618d78	TestSimpleRpcScheduler		Code	4	Timeout			RpcExecutor				5	26.5	19.3	8.9					
apache/hbase	896b47381292ae44daa7c5880cefc09dda8a67e3		https://github.com/apache/hbase/commit/896b47381292ae44daa7c5880cefc09dda8a67e3	325bb00d23ba2d0088a2ba42a75aff8ffa1dde66	TestLockManager		Test and Code		Async wait	Concurency 	Concurrency	LockProcedure	77	14	2	2	36.8	56.8	37.2		2089	1543	678	303
apache/hbase	23ea2c36f52283631ce665e04f2af433fc25ae55		https://github.com/apache/hbase/commit/23ea2c36f52283631ce665e04f2af433fc25ae55	3aac047a4f23d0b3a1d83802ad39d6b2c5d23ffc	TestAsyncSnapshotAdminApi		Test and Code		Async wait	Async wait	Async wait	AsyncHBaseAdmin		13	1	1	27.5	75.8	10.9		469	1157	496	387
apache/hbase	cebb725a9f4ab8dd9d3f306d21d53d6f56161c51		https://github.com/apache/hbase/commit/cebb725a9f4ab8dd9d3f306d21d53d6f56161c51				Test and Code	1																
apache/hbase	016cf0c64ba867f740a19472f0fe716ee67306b1		https://github.com/apache/hbase/commit/016cf0c64ba867f740a19472f0fe716ee67306b1				Test and Code	7																
apache/hbase	de25fcbd93c59ebb4a4dfd4058f089cdc781f3ac		https://github.com/apache/hbase/commit/de25fcbd93c59ebb4a4dfd4058f089cdc781f3ac	d2349c6f98fef014e49216870f48f854edfaf5dd	TestStochasticLoadBalancer		Test and Code		Hard to classify		Hard to classify	StochasticLoadBalancer, BaseLoadBalancer		3	2	2	6.3, 6.3	8.3, 9.3	0.3, 0.3		1655	1379	561	10
apache/hbase	5280c100ff93f65cd568ce830e088cc12a2f5585		https://github.com/apache/hbase/commit/5280c100ff93f65cd568ce830e088cc12a2f5585	2b88edfd8d6c1cb512abf1d9f3316c50ed342cfc	TestFileIOEngine		Test and Code		Random	Random	Random	FileIOEngine	5	1	1	3	43.9	35.4	38.7		902	1061	502	2
apache/hbase	0732ef5ebfea8e254d4a5dad6fe16ecccca3b799		https://github.com/apache/hbase/commit/0732ef5ebfea8e254d4a5dad6fe16ecccca3b799	5b64de45edf85abdc32ed98cf4396dea43283377	TestAssignmentManagerMetrics		Test and Code		Async wait	Async wait	Async wait	RpcExecutor, HMaster, AssignmentManager, HRegionServer	26	5	14		18.5, 0.5, 12.1, 0.3	17.0, 0.3, 33.7, 0.5	1.1, 1.1, 1.1, 1.1		1767	1446	613	331
apache/hbase	e9a278adc617a41ad3eefdd419e7618afee6b2b3		https://github.com/apache/hbase/commit/e9a278adc617a41ad3eefdd419e7618afee6b2b3	39cf42be9a9a3bcbf5db90903d2d4b438551d4ce	TestReplicationDroppedTables		Test and Code		Timeout	Concurency	Concurrency	ReplicationSourceManager		1,550	81		5.4	5	12.7		138	911	399	363
apache/hbase	29d701a314b6bf56771a217b42c4c10832b15753		https://github.com/apache/hbase/commit/29d701a314b6bf56771a217b42c4c10832b15753	c7cae6be3dccfaa63033b705ea9845f3f088aab6	TestMasterProcedureWalLease		Test and Code		Async wait	Async wait	Async wait	MasterProcedureEnv	13	4	1		71.5	100	35.7		326	860	377	268
apache/hbase	408242430510c1cedb5ce7971f3ebb9f439870fe		https://github.com/apache/hbase/commit/408242430510c1cedb5ce7971f3ebb9f439870fe	eb112783ae11dbb23f74f453f22a0301c6b2b11f	TestFlushWithThroughputController		Test and Code		Async wait	Async wait 	Async wait	PressureAwareThroughputController	462	90	22		100	100	58.4		1554	1382	565	280
																								
neo4j/neo4j	8384028590cf78801ca0ac97d63959d7522e4a30		https://github.com/neo4j/neo4j/commit/8384028590cf78801ca0ac97d63959d7522e4a30			2017	Code	4																
neo4j/neo4j	77efa1452d5621674d6b70831a2359a9a8055bab		https://github.com/neo4j/neo4j/commit/77efa1452d5621674d6b70831a2359a9a8055bab			2018	Code	4																
neo4j/neo4j	aef6ff373c4b6992cdad73c4632fb706ec99ddd0		https://github.com/neo4j/neo4j/commit/aef6ff373c4b6992cdad73c4632fb706ec99ddd0			2019	Code	1																
neo4j/neo4j	c2e4c9e590d9175296b9aff989be0a2f49995b34		https://github.com/neo4j/neo4j/commit/c2e4c9e590d9175296b9aff989be0a2f49995b34			2019	Code	1																
neo4j/neo4j	519a3708553bfa3e843fd00d2cd6fb5ef3f28213		https://github.com/neo4j/neo4j/commit/519a3708553bfa3e843fd00d2cd6fb5ef3f28213			2019	Code	1																
neo4j/neo4j	92c320f45f05b7dca18d749587e36ee27209e86a		https://github.com/neo4j/neo4j/commit/92c320f45f05b7dca18d749587e36ee27209e86a			2019	Code	1																
neo4j/neo4j	1081139b8acb2eda4e815b4b838dbda297abe6bf		https://github.com/neo4j/neo4j/commit/1081139b8acb2eda4e815b4b838dbda297abe6bf			2020	Code	8																
neo4j/neo4j	13b39272356098e3ae2ebdf6d61a4a7644b10505		https://github.com/neo4j/neo4j/commit/13b39272356098e3ae2ebdf6d61a4a7644b10505			2021	Code	8																
neo4j/neo4j	dd15215b0de8504fd743310892e772dbfc7f616b		https://github.com/neo4j/neo4j/commit/dd15215b0de8504fd743310892e772dbfc7f616b	684fd26156bb53adfd9547f153897653c746b47a	LdapAuthIT#shouldTimeoutIfInvalidLdapServer	2017	Test and Code		Network	Network	Network	LdapRealm		9	1		9.7	38.7	29		615	43	29	9
neo4j/neo4j	bae14c89615834ffed1c123a7ac8dfe8811daccd		https://github.com/neo4j/neo4j/commit/bae14c89615834ffed1c123a7ac8dfe8811daccd	2a3fb78f3ad2bf58e16c4bed9417dd1030b61411	schema.IndexPopulationIT#shutdownDatabaseDuringIndexPopulations	2017	Test and Code	 	Concurrency	Concurency	Concurrency	IndexPopulationJobController, IndexingService, RecordStorageEngine		235	36		100, 0.8, 2.7	100, 1.2, 4.7	0.3, 0.3, 0.3		5782	1817	1038	480
neo4j/neo4j	4c811841365a41c970338d8c2d730ebb84e9a2c1		https://github.com/neo4j/neo4j/commit/4c811841365a41c970338d8c2d730ebb84e9a2c1			2017	Test and Code	3																
neo4j/neo4j	3003eabd75e0c3602ffad9b6d671b06d8d8d9755		https://github.com/neo4j/neo4j/commit/3003eabd75e0c3602ffad9b6d671b06d8d8d9755	ddf6b93b693b229381d5a9e54e55d0ee39a51adc	RaftMessageProcessingMetricTest#shouldBeAbleToUpdateAllMessageTypes	2018	Test and Code		Time	Concurency	Concurrency	RaftMessageProcessingMetric		5	1		100	100	13.9		21	36	41	1
neo4j/neo4j	9e98b49a820a1575a374237a912c21bdf2df5af5		https://github.com/neo4j/neo4j/commit/9e98b49a820a1575a374237a912c21bdf2df5af5			2018	Test and Code	2																
neo4j/neo4j	837ed25ea871efb329fb6a8165c528cd2015eaba		https://github.com/neo4j/neo4j/commit/837ed25ea871efb329fb6a8165c528cd2015eaba			2018	Test and Code	1																
neo4j/neo4j	24a87dcf5917b135d4cb4aee623733726549e5cd		https://github.com/neo4j/neo4j/commit/24a87dcf5917b135d4cb4aee623733726549e5cd			2018	Test and Code	1																
neo4j/neo4j	baf3e1c41ce282bb9c59728d4fd36718bf89a281		https://github.com/neo4j/neo4j/commit/baf3e1c41ce282bb9c59728d4fd36718bf89a281		HalfAppliedConstraintRecoveryIT.recoverFromAndRecreateHalfCompositeNodeKeyConstraintAppliedBeforeCrash	2019	Test and Code	1				NativeIndexHeaderReader												
neo4j/neo4j	970637fab771de27a2c0d020b0dbe96324e04c89		https://github.com/neo4j/neo4j/commit/970637fab771de27a2c0d020b0dbe96324e04c89			2019	Test and Code	2																
neo4j/neo4j	3dffc8bf5cbf5a4c1e3dcdb15fc6b6444436a6a7		https://github.com/neo4j/neo4j/commit/3dffc8bf5cbf5a4c1e3dcdb15fc6b6444436a6a7			2019	Test and Code	8																
neo4j/neo4j	010cc8f5e3230cbf8309ecadbc3503c0f270e275		https://github.com/neo4j/neo4j/commit/010cc8f5e3230cbf8309ecadbc3503c0f270e275			2019	Test and Code	8																
neo4j/neo4j	21b812230c52cf642b3f3b69c5521f2022a85406		https://github.com/neo4j/neo4j/commit/21b812230c52cf642b3f3b69c5521f2022a85406			2020	Test and Code	8																
neo4j/neo4j	502d665b16240bb6ca5fa32d51384b2693d30d56		https://github.com/neo4j/neo4j/commit/502d665b16240bb6ca5fa32d51384b2693d30d56			2020	Test and Code	8																
neo4j/neo4j	021d4e308d6b2834ee46aa9808d7e4b7618fc3f5		https://github.com/neo4j/neo4j/commit/021d4e308d6b2834ee46aa9808d7e4b7618fc3f5			2020	Test and Code	8																
neo4j/neo4j	cc474306db8ac5a4c81dc91d0db33364061cb406		https://github.com/neo4j/neo4j/commit/cc474306db8ac5a4c81dc91d0db33364061cb406			2020	Test and Code	8																
neo4j/neo4j	926e5d42d8879f7cb9275cf65dfb3ba674b0bd14		https://github.com/neo4j/neo4j/commit/926e5d42d8879f7cb9275cf65dfb3ba674b0bd14			2020	Test and Code	8																
neo4j/neo4j	044d5b34ab736fc9e4ffb719e041441c58569b86		https://github.com/neo4j/neo4j/commit/044d5b34ab736fc9e4ffb719e041441c58569b86			2020	Test and Code	8																
neo4j/neo4j	71a244164d9c66a249e14c1031b8a14e823c979d		https://github.com/neo4j/neo4j/commit/71a244164d9c66a249e14c1031b8a14e823c979d			2021	Test and Code	8																
																								
apache/ignite	9cfb05011ab5085c8166fc0ba8b1047906845694		https://github.com/apache/ignite/commit/9cfb05011ab5085c8166fc0ba8b1047906845694	0e8031444b2f0d68fd3fb5a9ba03ca4d6a0c4e2d	CacheLateAffinityAssignmentTest.testRandomOperations	2017	Code		Hard to classify		Hard to classify	IgniteTxImplicitSingleStateImpl		0	33						42	1399	623	507
apache/ignite	6136ecd1a92cac26894c74a306b3df6d5646c524		https://github.com/apache/ignite/commit/6136ecd1a92cac26894c74a306b3df6d5646c524	65e1c577906d41e85aa80cba6271e693aba32d3c	GridServiceProcessorMultiNodeConfigSelfTest#testDeployOnEachNodeUpdateTopology	2018	Code		Hard to classify	Concurrency	Concurrency	GridServiceProcessor			17		2.1	2.2	7		162	1577	723	542
apache/ignite	30484c0ad25f3717a2f8f7884b8f2f26e2cc90af		https://github.com/apache/ignite/commit/30484c0ad25f3717a2f8f7884b8f2f26e2cc90af	5e37dde5e505ef3f4449e941ed4125a30e9d0057	GridCacheReplicatedDataStructuresFailoverSelfTest#testSemaphoreNonFailoverSafe	2018	Code		Concurrency	Concurrency	Concurrency	DataStructuresProcessor		0	28		4.8	4.5	0.5		114	1597	730	429
apache/ignite	e8ec99622ed09a53fb021cb45d6ecf40edbf168e		https://github.com/apache/ignite/commit/e8ec99622ed09a53fb021cb45d6ecf40edbf168e	ac208da8891904e00e4bee6d3d13c46378f7e920	TcpDiscoverySslSelfTest#testNodeShutdownOnRingMessageWorkerStartNotFinished	2018	Code		Concurrency	Concurrency	Concurrency	ServerImpl , IgnitionEx		0	2		3.5, 2.1	1.6, 1.6	3.5, 12.3		301	1673	800	449
apache/ignite	0fddf1a8b46482e3d0016b48e2cc9ba4bde026fb		https://github.com/apache/ignite/commit/0fddf1a8b46482e3d0016b48e2cc9ba4bde026fb	e3dbc8f32a39fee5190ba59d43398cd0724b6a8f	GridServiceProcessorBatchDeploySelfTest.testDeployAllTopologyChange	2019	Code	6				GridServiceProcessor												
apache/ignite	84298cf4e85edd137ddceb1f203c5f9e2837d4d4		https://github.com/apache/ignite/commit/84298cf4e85edd137ddceb1f203c5f9e2837d4d4	a2e1230aeec734aa0b09cc5688e266c645666ada	IgnitePersistentStoreCacheGroupsTest#testExpiryPolicy	2019	Code		Time		Time	GridCacheDatabaseSharedManager		0	20		2.5	1.4	2.9		1018	2051	998	199
apache/ignite	a167a064081329285eab6bb90db26ebd6f0ed344		https://github.com/apache/ignite/commit/a167a064081329285eab6bb90db26ebd6f0ed344	656b2f112c9949b8d9bd101ec0012c9c5968818d	CacheSerializableTransactionsTest#testGetRemoveTxNearCache1 & 2	2019	Code		IO	IO	IO	GridCacheMapEntry, GridCacheMvcc		423	12		0.5, 23.9	0.8, 37.5	9.0, 8.5		91	1696	770	334
apache/ignite	99e037c6cb548ff8c8f00418d1f692449832e82f		https://github.com/apache/ignite/commit/99e037c6cb548ff8c8f00418d1f692449832e82f	c8c21c384d793a3cb90f31d18b0f2c0e80a61e9c	GridMultinodeRedeploySharedModeSelfTest#testSharedMode	2020	Code		IO	Concurrency	Concurrency	GridDeploymentPerVersionStore		285	11		12.9	10.4	18.1		72	1697	824	647
apache/ignite	188e4d52c2d8085874fed9349b03fedeca6edb59		https://github.com/apache/ignite/commit/188e4d52c2d8085874fed9349b03fedeca6edb59	e2c597fff12192f736738569e244d0aee96b6e97	DistributedMetaStoragePersistentTest.testUnstableTopology	2020	Code		Unordered collections	Unordered collections	Unordered collections	MetaStorage,DmsDataWriterWorker		0	900		22.1, 86.0	10.0, 83.3	4.9, 6.6		103	1903	953	647
apache/ignite	5bb7b61e7483eb9d2125cc43d42128619ea36b5a		https://github.com/apache/ignite/commit/5bb7b61e7483eb9d2125cc43d42128619ea36b5a	4dd534c0f17ff44dd66d77b3e704b2094eaf5854	SqlSystemViewsSelfTest.testCachesViews	2021	Code	Changes concerns anotation (i.e. not particular method)	IO	Time	Time	RendezvousAffinityFunction		0	3		9.5	4.8	27		139	258	184	can't find test
apache/ignite	db7302b047aa605dc68ab2ba5c40c5e4f4ef12c8		https://github.com/apache/ignite/commit/db7302b047aa605dc68ab2ba5c40c5e4f4ef12c8	5ee876a6635b3c48c86c6a51bb0dc9f98ee55d63	ZookeeperDiscoverySpiTest#testDisconnectOnServersLeft	2018	Test and Code		Async wait	Async wait	Async wait	ZookeeperDiscoveryImpl		16	2		2.9	5.7	5.7		239	72	35	24
apache/ignite	3b383d155e70af56556c05a9fa6641c7f18950d3		https://github.com/apache/ignite/commit/3b383d155e70af56556c05a9fa6641c7f18950d3	53f59f5d485ad99953d1d6378360b69d249c8a99	IgniteClientReconnectCacheTest.testReconnect	2018	Test and Code	2				ZookeeperDiscoveryImpl												
apache/ignite	40f1fc94c4c8755e36cc55dd9f8124cc76d7b5f1		https://github.com/apache/ignite/commit/40f1fc94c4c8755e36cc55dd9f8124cc76d7b5f1	e61d3477b461f7216bfa7878e1e3c06f8b314879	IgniteRebalanceOnCachesStoppingOrDestroyingTest	2019	Test and Code	is it the correct flakytest ? 	IO	Concurrency	Concurrency	GridDiscoveryManager,WalStateManager 		6,829	184		0.9, 39.3	0.5, 18.7	5.0. 2.8		20	1842	881	716
apache/ignite	50dd28d28359930e020cf53d3000066965fc56b7		https://github.com/apache/ignite/commit/50dd28d28359930e020cf53d3000066965fc56b7	95c616ccb14e687d9e27b04a3b97e24e8db6b083	SystemCacheNotConfiguredTest#test	2019	Test and Code	ClientImpl class is ranked #1 but only concerns very little part of changes (Tcp* does)	Async wait	Async wait	Async wait	ClientImpl,TcpDiscoveryIpFinderAdapter, TcpDiscoveryMulticastIpFinder,  TcpDiscoverySharedFsIpFinder		72	1						102	1477	697	441
apache/ignite	31b132e936c5413c8677be2da8800e16ba8c7576		https://github.com/apache/ignite/commit/31b132e936c5413c8677be2da8800e16ba8c7576	f76acd7006765023586e782272d6907b57b87d86	IgnitePdsThreadInterruptionTest#testInterruptsOnLFSRead	2019	Test and Code		Concurrency	Concurrency	Concurrency	X,DelayedPageReplacementTracker		829	785						19	1674	785	406
apache/ignite	ff9431fe5becd828c2d45bf8027efe66501b04e1		https://github.com/apache/ignite/commit/ff9431fe5becd828c2d45bf8027efe66501b04e1	51740f8af1a461c298f0795b2fee1a4c5f15d309	CacheContinuousQueryOperationFromCallbackTest	2019	Test and Code	2				ServerImpl												
apache/ignite	ecec0801c67c9f8bd3ce234adbca665f876e03ad		https://github.com/apache/ignite/commit/ecec0801c67c9f8bd3ce234adbca665f876e03ad	0b9b04340cca59a71b43f79387ad3b0d5f179b5b	GridCacheRebalancingWithAsyncClearingTest#testCorrectRebalancingCurrentlyRentingPartitions	2019	Test and Code	GridDhtPartitionDemander (most changes) is ranked 45; GridCacheDatabaseSharedManager is ranked 6 but with coef 1.0 	Concurrency	Concurrency	Concurrency	FilePageStore, GridCacheOffheapManager, GridCacheDatabaseSharedManager, PartitionsEvictManager, GridDhtPArtitionTopologyImpl,GridDhtLocalPartition, GridDhtPreloader, GridDhtPartitionsExchangeFuture, GridDhtPartitionDemander			1						15	1984	964	674
apache/ignite	bcc416a5b0954b87037e363eadf190e2eceb373b		https://github.com/apache/ignite/commit/bcc416a5b0954b87037e363eadf190e2eceb373b	b67f2df77b96e05f99a30d1abb8bb4d4d4707fe9		2019	Test and Code	3																
apache/ignite	77202bc1c6467ed6b9b929c136961ed661c968ec		https://github.com/apache/ignite/commit/77202bc1c6467ed6b9b929c136961ed661c968ec	4a57f7d5caef29a9ac84ecfee542439404339c7c		2020	Test and Code	3																
